insert into user (user_id, user_identity, user_name, user_password) values (8, 6, 'DLUVG5XYCTDOPFC', '6HJIRGC45ACC49F');

insert into user (user_id, user_identity, user_name, user_password) values (9, 3, '9QM K44BTFGFGRE', 'GTK9J60BAUS70MI');

insert into user (user_id, user_identity, user_name, user_password) values (17, 0, 'A0UNRSC310TY1MW', 'H1MOPROUFJ51SGV');

insert into user (user_id, user_identity, user_name, user_password) values (0, 1, 'NH730NU2ABAE61H', 'ACHC3R0S84OCIAL');

insert into user (user_id, user_identity, user_name, user_password) values (19, 12, '1D4Q69DC0NAFWKJ', 'X9CY 2D7S8IKDTQ');

insert into user (user_id, user_identity, user_name, user_password) values (11, 19, 'GFVD93V  QE8YXQ', '2YVABK22HCVYAGR');

insert into user (user_id, user_identity, user_name, user_password) values (12, 15, 'XGHU6IYAEAEHAOH', 'JBPOY7ORIA23NCO');

insert into user (user_id, user_identity, user_name, user_password) values (13, 10, 'B4KYCQOFD7 81L5', 'F5MC7X717CK64CO');

insert into user (user_id, user_identity, user_name, user_password) values (16, 5, 'NLTK60B1289NAT7', 'OEOCUB1YB KU7GW');

insert into user (user_id, user_identity, user_name, user_password) values (3, 11, 'MQ8PMRH9E47F3CX', 'W6SIXU40AKBCCFX');

insert into user (user_id, user_identity, user_name, user_password) values (2, 7, 'YAMIS1XMFUY9U1E', 'XCQEX61B8BW7J4P');

insert into user (user_id, user_identity, user_name, user_password) values (18, 4, '3CJYNGVN0FD7E7T', '0D88YS7148M6GD7');

insert into user (user_id, user_identity, user_name, user_password) values (7, 8, 'O LE59OKSOOJXKR', ' S9PN 3QSJDALY ');

insert into user (user_id, user_identity, user_name, user_password) values (10, 2, 'WX1UBO42L5MK0P0', 'RX665J6K2AEE6AP');

insert into user (user_id, user_identity, user_name, user_password) values (4, 13, 'HKD08N1Q0 RHHAS', '62JY13REFCAH6TY');

insert into user (user_id, user_identity, user_name, user_password) values (14, 18, '5AKYM0DYYU1Q729', ' XTVYIG1UWKRQ8T');

insert into user (user_id, user_identity, user_name, user_password) values (5, 9, '4YXPF6PPHMX0PMB', 'JE35J8WON5URM9G');

insert into user (user_id, user_identity, user_name, user_password) values (6, 17, 'TNRDGG58O48RJQ1', 'PR50SF1JTYIE5DM');

insert into user (user_id, user_identity, user_name, user_password) values (15, 16, 'LJAUROSV0S0G7HH', 'MBU01595KM6UN5L');

insert into user (user_id, user_identity, user_name, user_password) values (1, 14, 'YVB3 M2C54O THE', '0WT L0DSX3XNLP5');

insert into teacher (teacher_id, user_id, teacher_name, teacher_sex, teacher_birthday, teacher_position, teacher_phone) values ('6O9MA9CRSY', 19, 'JGMLENLRRL', ' F', '1754-7-8', 'KKR8MPYIRW', 'DHKKSIHGDC VS2X');

insert into teacher (teacher_id, user_id, teacher_name, teacher_sex, teacher_birthday, teacher_position, teacher_phone) values ('ENA5H7WTXX', 8, 'DI7QRR42BB', ' G', '230-8-15', 'W11JDEGWXT', 'FUS3SCVJB2D7M9N');

insert into teacher (teacher_id, user_id, teacher_name, teacher_sex, teacher_birthday, teacher_position, teacher_phone) values ('NW455JUHLL', 11, 'BYTD4653C6', ' H', '1590-12-18', 'PAGXNCQ3XJ', 'MINCPUPQU6W84DV');

insert into teacher (teacher_id, user_id, teacher_name, teacher_sex, teacher_birthday, teacher_position, teacher_phone) values ('8W4213ADRC', 18, '8S4EC3DBRH', ' I', '853-5-10', 'CKXGUABFF8', 'UWV0RMMIV ENQCV');

insert into teacher (teacher_id, user_id, teacher_name, teacher_sex, teacher_birthday, teacher_position, teacher_phone) values ('JJ357W8I5T', 16, 'M3LKTY LEM', '  ', '1462-7-6', 'E0L4VNKHS7', 'SXQNC14T0F2MEV2');

insert into teacher (teacher_id, user_id, teacher_name, teacher_sex, teacher_birthday, teacher_position, teacher_phone) values ('MKC1RX119W', 9, 'UJPOVA4E0 ', ' 0', '532-5-2', 'W1IPM9IWTR', '1RD8KG2MO OY9OE');

insert into teacher (teacher_id, user_id, teacher_name, teacher_sex, teacher_birthday, teacher_position, teacher_phone) values ('YI1DUL5HVP', 9, 'H GGG65SRU', ' 1', '1812-2-22', 'GWR46YL1 W', '9G9MSGLAWG3LDAJ');

insert into teacher (teacher_id, user_id, teacher_name, teacher_sex, teacher_birthday, teacher_position, teacher_phone) values ('JLDYEWKVQ8', 12, 'SD4CG7GXRI', ' 2', '1090-4-17', 'GNSOFE04XL', 'ER8KM71OF44RIYS');

insert into teacher (teacher_id, user_id, teacher_name, teacher_sex, teacher_birthday, teacher_position, teacher_phone) values ('WSNAT1MT41', 3, 'DFR5J9FH T', ' 3', '1-1-1', 'N7S86GALOE', 'Q0EEUIQEAV2YJQG');

insert into teacher (teacher_id, user_id, teacher_name, teacher_sex, teacher_birthday, teacher_position, teacher_phone) values ('R1VC2XR9SF', 10, 'SOJTX75APQ', ' 4', '984-11-25', 'ERMSEQIJSB', 'IQX3OG5DOVL3805');

insert into teacher (teacher_id, user_id, teacher_name, teacher_sex, teacher_birthday, teacher_position, teacher_phone) values ('EDQEQ3TGXM', 10, 'LH6 T3UU5Q', ' 5', '1035-10-15', 'E5AD87LNDG', 'TN0710VWUPVKIT3');

insert into teacher (teacher_id, user_id, teacher_name, teacher_sex, teacher_birthday, teacher_position, teacher_phone) values ('KWWT4U07 6', 2, ' 1OSH28YYO', ' 6', '633-6-21', '3XNFEC SU ', 'XCB NS9W1TMTEFQ');

insert into teacher (teacher_id, user_id, teacher_name, teacher_sex, teacher_birthday, teacher_position, teacher_phone) values ('OYD51GNYX3', 19, 'SFLYGC05XS', ' 7', '1675-1-26', 'AS3HEILHVQ', '1 SBCNFUSLXGI53');

insert into teacher (teacher_id, user_id, teacher_name, teacher_sex, teacher_birthday, teacher_position, teacher_phone) values ('2SHWWJOVTN', 3, '7RJHE79O6N', ' 8', '478-5-4', '5AFQHUM25Y', 'VMSIL0PK9DUYT0N');

insert into teacher (teacher_id, user_id, teacher_name, teacher_sex, teacher_birthday, teacher_position, teacher_phone) values ('08RSKY5A2C', 15, 'KKG 3IT3P1', ' 9', '1366-10-5', '1P7H ECOGK', 'VI9UK1A2NT8 2G ');

insert into teacher (teacher_id, user_id, teacher_name, teacher_sex, teacher_birthday, teacher_position, teacher_phone) values ('M4O82N7NHN', 13, 'XVTV2GO70S', ' A', '381-1-3', '4A3WFMXV59', 'GI45EUY4DY7NROX');

insert into teacher (teacher_id, user_id, teacher_name, teacher_sex, teacher_birthday, teacher_position, teacher_phone) values ('171SSFYF08', 0, 'P85KW5U6CW', ' B', '320-5-1', 'U29A5P3AMM', '63C2IPT6I99QM3P');

insert into teacher (teacher_id, user_id, teacher_name, teacher_sex, teacher_birthday, teacher_position, teacher_phone) values ('TMOBOYY9PW', 11, '6K3KWFNW1P', ' C', '733-8-24', '2M7HP2KN7P', '0SPJPHD7B8VI8YT');

insert into teacher (teacher_id, user_id, teacher_name, teacher_sex, teacher_birthday, teacher_position, teacher_phone) values ('AULINDMDBC', 11, '662R 149QV', ' D', '1218-5-9', 'RQ2WQU1VJG', 'IB A4QP7LFLIID4');

insert into teacher (teacher_id, user_id, teacher_name, teacher_sex, teacher_birthday, teacher_position, teacher_phone) values ('MXJOLV7L6E', 8, 'OA3NG0XUSA', ' E', '116-8-29', 'TELVGK6Y4O', 'GUFOVLV3SCWPJWC');

insert into subject (subject_id, subject_name, subject_credit, subject_hour, subject_type, subject_start_time, subject_end_time) values ('7KH59X23KV', 'AHTQYICXHKFJFLL1AJY9', 3, 12, 'IX2I0', 0, 16);

insert into subject (subject_id, subject_name, subject_credit, subject_hour, subject_type, subject_start_time, subject_end_time) values ('K5YG5B7CN ', ' 9J IMEAXY4OV30583T9', 9, 2, 'DE4KX', 10, 15);

insert into subject (subject_id, subject_name, subject_credit, subject_hour, subject_type, subject_start_time, subject_end_time) values ('NQGQ5LAOUM', 'RREJIGPHPNSFW5CDERC4', 2, 1, 'NBRUG', 7, 0);

insert into subject (subject_id, subject_name, subject_credit, subject_hour, subject_type, subject_start_time, subject_end_time) values ('8RPMWFH4K ', 'CC43I3MPMBASUN8J2FPJ', 15, 16, '875QL', 1, 5);

insert into subject (subject_id, subject_name, subject_credit, subject_hour, subject_type, subject_start_time, subject_end_time) values ('UKU7K38COA', 'EJFQOM0KUE7V1JKJTSWY', 7, 6, 'YV35S', 16, 14);

insert into subject (subject_id, subject_name, subject_credit, subject_hour, subject_type, subject_start_time, subject_end_time) values ('8B UH62CE9', 'X53XNNQ8BAMGU2LA5FIW', 6, 9, '6IYLA', 18, 19);

insert into subject (subject_id, subject_name, subject_credit, subject_hour, subject_type, subject_start_time, subject_end_time) values ('FA3QIVRIKU', '42QETKPO4J1N05TWS9PK', 1, 8, 'PFMXX', 11, 6);

insert into subject (subject_id, subject_name, subject_credit, subject_hour, subject_type, subject_start_time, subject_end_time) values ('CGSTPN1QEQ', 'IATB52VKAU7G38PTIX3W', 19, 7, 'UM1V0', 9, 3);

insert into subject (subject_id, subject_name, subject_credit, subject_hour, subject_type, subject_start_time, subject_end_time) values ('85PE 4GGK4', 'CR1VYDMPG1RU683W4IS9', 16, 11, 'KMD88', 19, 7);

insert into subject (subject_id, subject_name, subject_credit, subject_hour, subject_type, subject_start_time, subject_end_time) values ('9 CQFYIVII', '9OW5DGPI8RSG3UXYYDX5', 17, 15, 'JCLXM', 8, 8);

insert into subject (subject_id, subject_name, subject_credit, subject_hour, subject_type, subject_start_time, subject_end_time) values ('J6EVQ CFYW', 'KJIKXIPU6BSCDBRN5BA5', 13, 14, 'VQ5QY', 14, 2);

insert into subject (subject_id, subject_name, subject_credit, subject_hour, subject_type, subject_start_time, subject_end_time) values ('FBT9471P92', 'NO 57KRVR4856NSHWDWL', 10, 10, 'O6JTJ', 15, 11);

insert into subject (subject_id, subject_name, subject_credit, subject_hour, subject_type, subject_start_time, subject_end_time) values ('IK750WJTOS', 'KCVM3I90HEQTIVXM03QD', 4, 17, '4PS62', 12, 1);

insert into subject (subject_id, subject_name, subject_credit, subject_hour, subject_type, subject_start_time, subject_end_time) values ('X848MR3Y85', '6TM D1HICKJTK1 SJ8GR', 12, 3, 'GKNI1', 5, 12);

insert into subject (subject_id, subject_name, subject_credit, subject_hour, subject_type, subject_start_time, subject_end_time) values ('K133KL0G6P', 'Q6KF6UBJ2YC3SPJ1CQ9E', 18, 4, 'SXXPG', 2, 10);

insert into subject (subject_id, subject_name, subject_credit, subject_hour, subject_type, subject_start_time, subject_end_time) values ('SPVV SIVM1', 'XN0J8XVUPLF7 RLST5PI', 14, 13, 'HGPV5', 4, 17);

insert into subject (subject_id, subject_name, subject_credit, subject_hour, subject_type, subject_start_time, subject_end_time) values ('8A7BO5T3H7', 'WUVGFBKYG J8FD0RY58W', 5, 5, 'VRMRH', 13, 9);

insert into subject (subject_id, subject_name, subject_credit, subject_hour, subject_type, subject_start_time, subject_end_time) values ('CBTR0FQJAO', 'JXEVVG45VU2VPEF86RL5', 0, 19, 'MP5LO', 6, 4);

insert into subject (subject_id, subject_name, subject_credit, subject_hour, subject_type, subject_start_time, subject_end_time) values ('4AREWQOPKN', 'N5JGU5R7RWPB7302QLC4', 8, 0, 'PL4EY', 3, 18);

insert into subject (subject_id, subject_name, subject_credit, subject_hour, subject_type, subject_start_time, subject_end_time) values ('QJJM 684NY', 'UMRQCD4E8O0TLKGT8VSF', 11, 18, 'IN24S', 17, 13);

insert into class (class_id, class_session, class_major, class_number) values ('LQGODBNY R', 3, 'S0 09KY14M6YJX8', 3);

insert into class (class_id, class_session, class_major, class_number) values ('9O2M2NOJD7', 12, 'Q059RN0MTFGR0J9', 15);

insert into class (class_id, class_session, class_major, class_number) values ('6M8WT9676G', 15, 'ADW3B G28TABPUX', 1);

insert into class (class_id, class_session, class_major, class_number) values ('8QU0JGVMB8', 9, 'G8O50T8EDKQJX4P', 11);

insert into class (class_id, class_session, class_major, class_number) values ('N AU69YIKR', 8, 'HXA0S0NKUN35HQU', 5);

insert into class (class_id, class_session, class_major, class_number) values ('YJ5HLBRXEC', 11, 'LP3 SEQV1WC71XI', 4);

insert into class (class_id, class_session, class_major, class_number) values ('U4Y6GJXFR7', 1, 'MTTU99335IL86LC', 8);

insert into class (class_id, class_session, class_major, class_number) values ('4EP15QYV 9', 19, '34T49K3RPJ1V2DN', 14);

insert into class (class_id, class_session, class_major, class_number) values ('MY9UNBJBJ0', 6, '1X8LW7024QXRW6E', 10);

insert into class (class_id, class_session, class_major, class_number) values ('8XKPR K5BO', 2, 'G8O0HNWGJUBVC47', 9);

insert into class (class_id, class_session, class_major, class_number) values (' G0YWSHG3M', 5, '783YVN8OO8SCYMA', 18);

insert into class (class_id, class_session, class_major, class_number) values ('72J87NE2H1', 0, 'I7T3STSWGHRX0SC', 12);

insert into class (class_id, class_session, class_major, class_number) values ('261 EAKEH6', 7, 'O0CAVFCSIITAPE5', 16);

insert into class (class_id, class_session, class_major, class_number) values ('U22WSN7LF0', 17, 'NANBKKRS9LYX6X8', 17);

insert into class (class_id, class_session, class_major, class_number) values ('YJJF8848UQ', 16, '5SQ7Q2U6C7IGFK4', 0);

insert into class (class_id, class_session, class_major, class_number) values ('PWDJOD00B2', 18, 'DBONO0B  4OMVH1', 2);

insert into class (class_id, class_session, class_major, class_number) values ('NL0AB06IQD', 4, 'TV 2DLEHKDFSOPJ', 13);

insert into class (class_id, class_session, class_major, class_number) values ('H3MSU2P3QN', 14, 'QD1UAAU3Y3RCSIF', 6);

insert into class (class_id, class_session, class_major, class_number) values ('2CDKMSBQT1', 10, 'E8BR44XGNJFOEMR', 19);

insert into class (class_id, class_session, class_major, class_number) values ('SUNTSRMBUW', 13, 'TX03K13RBHNR8Y3', 7);

insert into lesson (lesson_id, subject_id, teacher_id, class_id, subject_start_time, subject_end_time, lesson_day, lesson_time, lesson_room) values ('QGN122EN62', '8B UH62CE9', 'M4O82N7NHN', '8QU0JGVMB8', 10, 10, 13, '  6', 'KQPP5YK49W');

insert into lesson (lesson_id, subject_id, teacher_id, class_id, subject_start_time, subject_end_time, lesson_day, lesson_time, lesson_room) values ('Y4VS1PU95P', 'K5YG5B7CN ', 'KWWT4U07 6', 'LQGODBNY R', 3, 5, 14, '  7', '1DNWOPFMAO');

insert into lesson (lesson_id, subject_id, teacher_id, class_id, subject_start_time, subject_end_time, lesson_day, lesson_time, lesson_room) values ('3MVPP 6J C', 'CBTR0FQJAO', 'JJ357W8I5T', 'U4Y6GJXFR7', 18, 19, 16, '  8', 'N2SH3M9CGH');

insert into lesson (lesson_id, subject_id, teacher_id, class_id, subject_start_time, subject_end_time, lesson_day, lesson_time, lesson_room) values ('115CQO1NSD', '8B UH62CE9', 'KWWT4U07 6', '72J87NE2H1', 1, 11, 5, '  9', 'P M1JMOXG ');

insert into lesson (lesson_id, subject_id, teacher_id, class_id, subject_start_time, subject_end_time, lesson_day, lesson_time, lesson_room) values ('X3ND1YQ2JC', '7KH59X23KV', 'R1VC2XR9SF', 'MY9UNBJBJ0', 7, 12, 7, '  A', 'SFLF46PIIR');

insert into lesson (lesson_id, subject_id, teacher_id, class_id, subject_start_time, subject_end_time, lesson_day, lesson_time, lesson_room) values ('SDVYE2AAST', 'NQGQ5LAOUM', 'TMOBOYY9PW', 'U4Y6GJXFR7', 15, 9, 4, '  B', 'WJAR890HDT');

insert into lesson (lesson_id, subject_id, teacher_id, class_id, subject_start_time, subject_end_time, lesson_day, lesson_time, lesson_room) values ('YKXE1B4S2 ', 'FBT9471P92', 'WSNAT1MT41', 'NL0AB06IQD', 16, 3, 19, '  C', 'BPNWR PPU4');

insert into lesson (lesson_id, subject_id, teacher_id, class_id, subject_start_time, subject_end_time, lesson_day, lesson_time, lesson_room) values ('V9HT4S7N1W', '85PE 4GGK4', '171SSFYF08', 'H3MSU2P3QN', 5, 1, 2, '  D', '1G3P RCGW3');

insert into lesson (lesson_id, subject_id, teacher_id, class_id, subject_start_time, subject_end_time, lesson_day, lesson_time, lesson_room) values ('2I84MKLUJS', '9 CQFYIVII', 'JJ357W8I5T', '6M8WT9676G', 17, 16, 10, '  E', 'AVBB2D2OD5');

insert into lesson (lesson_id, subject_id, teacher_id, class_id, subject_start_time, subject_end_time, lesson_day, lesson_time, lesson_room) values ('CSVO58BXC7', 'CBTR0FQJAO', 'EDQEQ3TGXM', '2CDKMSBQT1', 8, 7, 8, '  F', 'T8L03TI9BY');

insert into lesson (lesson_id, subject_id, teacher_id, class_id, subject_start_time, subject_end_time, lesson_day, lesson_time, lesson_room) values ('7B600XHASV', 'NQGQ5LAOUM', 'M4O82N7NHN', 'LQGODBNY R', 4, 14, 1, '  G', '5E1O4 LGES');

insert into lesson (lesson_id, subject_id, teacher_id, class_id, subject_start_time, subject_end_time, lesson_day, lesson_time, lesson_room) values ('7N4XHDDHNN', 'J6EVQ CFYW', 'MKC1RX119W', ' G0YWSHG3M', 11, 6, 6, '  H', 'EAG5IFXA6K');

insert into lesson (lesson_id, subject_id, teacher_id, class_id, subject_start_time, subject_end_time, lesson_day, lesson_time, lesson_room) values (' 5YJQV4FHT', 'K5YG5B7CN ', 'TMOBOYY9PW', '6M8WT9676G', 12, 4, 17, '  I', 'USCNBMPTSE');

insert into lesson (lesson_id, subject_id, teacher_id, class_id, subject_start_time, subject_end_time, lesson_day, lesson_time, lesson_room) values ('RXLFL3C6R3', 'FBT9471P92', 'M4O82N7NHN', 'YJ5HLBRXEC', 14, 0, 9, '   ', '5AYVD9ADIK');

insert into lesson (lesson_id, subject_id, teacher_id, class_id, subject_start_time, subject_end_time, lesson_day, lesson_time, lesson_room) values ('E7WM4NCSE9', 'IK750WJTOS', 'YI1DUL5HVP', 'H3MSU2P3QN', 6, 13, 3, '  0', '8HJG3F1EOC');

insert into lesson (lesson_id, subject_id, teacher_id, class_id, subject_start_time, subject_end_time, lesson_day, lesson_time, lesson_room) values ('7SR6JHP QN', 'J6EVQ CFYW', 'WSNAT1MT41', 'MY9UNBJBJ0', 9, 17, 15, '  1', 'FAKBA6F0EL');

insert into lesson (lesson_id, subject_id, teacher_id, class_id, subject_start_time, subject_end_time, lesson_day, lesson_time, lesson_room) values ('RMP8KLGSYC', 'CGSTPN1QEQ', 'KWWT4U07 6', '9O2M2NOJD7', 13, 18, 11, '  2', 'WOMOJY1BDO');

insert into lesson (lesson_id, subject_id, teacher_id, class_id, subject_start_time, subject_end_time, lesson_day, lesson_time, lesson_room) values ('TRQN6W3VLC', '85PE 4GGK4', 'YI1DUL5HVP', '261 EAKEH6', 19, 2, 0, '  3', 'S4PNUDVLLJ');

insert into lesson (lesson_id, subject_id, teacher_id, class_id, subject_start_time, subject_end_time, lesson_day, lesson_time, lesson_room) values ('3YAGPN 82C', 'SPVV SIVM1', 'MKC1RX119W', 'MY9UNBJBJ0', 2, 15, 12, '  4', 'SVWCP77B50');

insert into lesson (lesson_id, subject_id, teacher_id, class_id, subject_start_time, subject_end_time, lesson_day, lesson_time, lesson_room) values ('8E00DRKNJ3', '7KH59X23KV', '8W4213ADRC', '4EP15QYV 9', 0, 8, 18, '  5', '5 B4FQWIPI');

insert into record (record_id, type, teacher_id, review_teacher_id, lesson_id, status, is_complete) values (0, 3, 'YI1DUL5HVP', 'OSMIRV7SIH', 'YWQRPIR8BG', 6, 7);

insert into record (record_id, type, teacher_id, review_teacher_id, lesson_id, status, is_complete) values (11, 11, '171SSFYF08', 'H4WH7BTJVO', 'YHI1O2YNLV', 2, 18);

insert into record (record_id, type, teacher_id, review_teacher_id, lesson_id, status, is_complete) values (1, 12, 'EDQEQ3TGXM', '9L3CM7HF78', '0FN4HGBM9C', 3, 1);

insert into record (record_id, type, teacher_id, review_teacher_id, lesson_id, status, is_complete) values (15, 19, 'M4O82N7NHN', 'RV6WTNFENQ', 'KJUHQ59WCA', 4, 15);

insert into record (record_id, type, teacher_id, review_teacher_id, lesson_id, status, is_complete) values (8, 18, '171SSFYF08', 'GDF7P7PSF8', '8BX3FVXJMN', 5, 8);

insert into record (record_id, type, teacher_id, review_teacher_id, lesson_id, status, is_complete) values (5, 15, 'NW455JUHLL', 'KHIG0EPCJD', 'I3B0HT0VEK', 15, 14);

insert into record (record_id, type, teacher_id, review_teacher_id, lesson_id, status, is_complete) values (10, 4, 'OYD51GNYX3', '1BTT8QO61Y', '9JOE8H2REX', 9, 2);

insert into record (record_id, type, teacher_id, review_teacher_id, lesson_id, status, is_complete) values (7, 9, '08RSKY5A2C', 'C035X16FAA', '2VCVOOFBNP', 8, 0);

insert into record (record_id, type, teacher_id, review_teacher_id, lesson_id, status, is_complete) values (18, 2, 'TMOBOYY9PW', 'G454 PQ9M2', 'S0IF2QH6YI', 10, 4);

insert into record (record_id, type, teacher_id, review_teacher_id, lesson_id, status, is_complete) values (14, 8, 'M4O82N7NHN', 'S6LSYT89L0', 'AIYSM1LLY8', 19, 10);

insert into record (record_id, type, teacher_id, review_teacher_id, lesson_id, status, is_complete) values (2, 14, '2SHWWJOVTN', 'VU68W1BKYS', 'D SQR79CGV', 13, 6);

insert into record (record_id, type, teacher_id, review_teacher_id, lesson_id, status, is_complete) values (12, 16, '2SHWWJOVTN', 'KXDVAOKDTT', 'MFBGRQ2COC', 18, 11);

insert into record (record_id, type, teacher_id, review_teacher_id, lesson_id, status, is_complete) values (19, 17, '8W4213ADRC', 'SMX2C A8PJ', '7 H7ABW54H', 7, 5);

insert into record (record_id, type, teacher_id, review_teacher_id, lesson_id, status, is_complete) values (4, 5, 'YI1DUL5HVP', 'B6JI 7U80Q', 'IJL5RD6ENI', 0, 12);

insert into record (record_id, type, teacher_id, review_teacher_id, lesson_id, status, is_complete) values (6, 1, 'ENA5H7WTXX', 'Y3C419OU5V', 'LI38QP91C4', 1, 16);

insert into record (record_id, type, teacher_id, review_teacher_id, lesson_id, status, is_complete) values (3, 6, 'M4O82N7NHN', 'ND436DN54D', 'J9AWFOGWF7', 16, 13);

insert into record (record_id, type, teacher_id, review_teacher_id, lesson_id, status, is_complete) values (17, 0, 'M4O82N7NHN', '1BKHCEGIXJ', 'NYOWOXN4YL', 11, 3);

insert into record (record_id, type, teacher_id, review_teacher_id, lesson_id, status, is_complete) values (9, 13, 'ENA5H7WTXX', 'J0YI7AOYGD', 'NT2SPI7J1R', 14, 9);

insert into record (record_id, type, teacher_id, review_teacher_id, lesson_id, status, is_complete) values (16, 10, 'NW455JUHLL', 'O8PN1M3B I', 'WVHBNDI9HS', 17, 17);

insert into record (record_id, type, teacher_id, review_teacher_id, lesson_id, status, is_complete) values (13, 7, 'EDQEQ3TGXM', 'HCH01WH7LD', 'BT5PG72G5I', 12, 19);

insert into review_exp (review_id, teacher_id, review_teacher_id, class_id, subject_id, lesson_id, theme, review_date, review_time, score1, score2, score3, score4, score5, score6, score7, score8, total_score, comment, management, type) values ('VUFJ76Q7UP', '6O9MA9CRSY', 'L CNRYHUVY', 'H3MSU2P3QN', 'SPVV SIVM1', 'E7WM4NCSE9', '124 B6H 85BBPPS IOT0', '1164-6-1', '  7', 9, 18, 17, 1, 7, 17, 14, 1, 10, '4O632MYALLC2BHQB153V2TB2DB4O2V4XK4YN7S55D17JLUV1K95PX0WAJC4VQK M YHA1VWDTI70Q4WAX764PHLCH3X7C1QVT451T7GM4LV5YX73GH1QSBBTS3YKO5037KB60ODD5VLXLEN62KHGP7C2M N1PCUFUC688PNTH QL67F6A 9G4BF6WG9YHIOT5GX098Q09NJNFK7CE9W9XBN245 1B5B07 KO0QFQDH6X570V9 YJ3IJGFSY7L92IQ02KK9XKBANHBDAMFSTDSN0SP45OXEJL2OAD5AWW8TYP5VW94BR2B1FCFYH  KSD85 16XDV UY7V23B68285IH5R2SWPFAO NUS6RRD06FY0SK 39TOXGD GARH41X5LBF6VXX5GP166FDA342MGQLH0J33E4Y72H9 445N3BEA4X02YLRHMT50JOADWT314FO9XI26DX 5RPCV5HP JMDQSOS86WEM F0EHTQSEG6R8SO4VMN3', 19, 14);

insert into review_exp (review_id, teacher_id, review_teacher_id, class_id, subject_id, lesson_id, theme, review_date, review_time, score1, score2, score3, score4, score5, score6, score7, score8, total_score, comment, management, type) values ('RX2PETJTRF', 'R1VC2XR9SF', 'KDXFYR1112', '8XKPR K5BO', '4AREWQOPKN', '115CQO1NSD', 'NKGJMDP2M758E2UPH71O', '232-7-1', '  8', 4, 9, 14, 7, 3, 12, 4, 17, 19, 'HO1L8GYVUKDQOVH14BN9XXBGROPXWVB5U0CBW11QRLXWT352ATN9ECKVQEJ8N57N75UDLH7LVDDGNK1POL36TQ3WPKOR9CSH98J3NSIICNEI5O4F1IL5Y6WPFA20HGHRVTUI53 SFV5YWX61D B56SXSQ618QFIV42JHSHG1MX5F4TYJSWPXJP UNF9I4A4I6PTM 5Q4I8CERW39IPP0Q3UXDQXNC5DOEWBDO8I7US22CP4U0ENN255B7CKBS09L9E1WL0EQJ31I4VJ5UH7 L4FMP14WJ1QRFHE72OWGO5GGX OCR JVY96PH2YJ8DJ2Q A 3JFCHKUICRTXMH7WGUQOCAT9A6GI47WTAVAQCE50HU3KI33J48E092VSPO2KR1V0 2Q5S9T390MCMFL0JQCFDAQM53YSVU9O4GVGIDJP4YDHBNG9 SMVWDC3XPH7YLJNBGRSEDKI9H8M4HT2GSAMBA3A1T2 LRKMVICKGIG0GF0LP490', 17, 19);

insert into review_exp (review_id, teacher_id, review_teacher_id, class_id, subject_id, lesson_id, theme, review_date, review_time, score1, score2, score3, score4, score5, score6, score7, score8, total_score, comment, management, type) values ('3BI0 61XW7', 'ENA5H7WTXX', 'CUMH GYREW', '261 EAKEH6', 'CBTR0FQJAO', '3MVPP 6J C', 'H6FRHX3O7F66J659JC2P', '171-6-28', '  9', 1, 7, 19, 11, 10, 16, 13, 16, 14, 'H7797IT34RWMIAM1O2GHTI7G6NEJVDRDEH5MB1N4HW6WMQC3CNVHTN8VK00VNHPB26WSJG8U1NYW04VT2R9VYSB4EEDB59UP1S07XTKGFD7 W3M TY65U8PS4SWUP4E8LX1IPR3XXLRPNQK53V459V08S5XQQWYBK6EO7DM3ESG1TPXO32G 738O6HNHV0I9J7GY0EDHHH 525HPQ9G1QVU0PU9 VFI0NNFVS  FE6VH8TB3I2CY4NO0E9SAOMQFT7G7CVJ1 IOTDYXLL98OSF 6 U6UCLF1HNM2PDF9U3T6KCAMTK3FBRDSUQA94V79TPUT08JQ5JJU78PHOSVREOYX03WJEJ47O612JT4XSK4GQIW6COCEYT5G54OVQ7LSIWYTTYU38UOVQJ1JK4AG19V N16TU0HQGQ97E3TAO48828O5V B9SPDYG3X5JL1JBJLS43H9Y6P M REB5 HLBCJ8JAYW6XGH9DAVFQNITYUHRNFPLP ', 13, 9);

insert into review_exp (review_id, teacher_id, review_teacher_id, class_id, subject_id, lesson_id, theme, review_date, review_time, score1, score2, score3, score4, score5, score6, score7, score8, total_score, comment, management, type) values ('SX7GICF P0', '08RSKY5A2C', 'DT Y9DYF88', 'YJ5HLBRXEC', 'CBTR0FQJAO', '7SR6JHP QN', 'D DPCCRL7KM7FNOK2B8Y', '443-7-20', '  A', 7, 15, 18, 2, 12, 9, 0, 3, 4, 'CCXS6HBE2UYBO81RD2 H2AVT5CDGAEDAQ3234KIMGI6KYOSVSY4M61EW1VGEDBRJUK65TCOT05V4 BCM8R9LDSL4ERMY259HD1M40YNUJLUSTE31Y2X037QW2JFSN99C3C601J5Q25C339CDDX27L XY5ARB3W2I0V IXCSXNP1B28D7  3CPTBDSP0Q1GSO7HM6AL31NOYMROAEIFSBVHUDEWW1SCKUYL2BIKI0FYKTR042TXATBRFJHKM AXEBP6Q0KJD2N1QLBNUNVO8DUHUSO P54P5M2QD53WYP0XPDE39UVGL6VHS7VV6TJ4MLQ98CDYEPG36FKT6K4JRBJNX81JD5GPKDMAV2C5R41M7P2D854QKMOVPKAS21F0KBTXBJNU0B 4C0S9 2HE8NN5L7X I4QM54IS0PIK1WNOEXB5Y71ECULDWEG19V73RR3 RDWSMRL RRTLHLO5YC9MUPFAAID4QG17S4D0F4H52O5AVOKLI3', 18, 17);

insert into review_exp (review_id, teacher_id, review_teacher_id, class_id, subject_id, lesson_id, theme, review_date, review_time, score1, score2, score3, score4, score5, score6, score7, score8, total_score, comment, management, type) values ('GB06JA FV3', 'MKC1RX119W', '2B5QQHQCW2', 'YJ5HLBRXEC', 'K5YG5B7CN ', '2I84MKLUJS', '7DNTP3H2VR346DP2CM25', '80-5-8', '  B', 11, 13, 9, 16, 19, 5, 8, 5, 2, '0WLXNR34HCAR2NR84S2G7YGKWWC3W6TTY9770WEFCHLG12OW3P2GPMG565YR5X51SULWNPH1G8PMWQ0YTER76W UVTRYVD52VQNPQQ C0ELMTEM4HHJ X4DYFMM4RKVX944KP2WGSR344GRVYNKFF4CH0EE4R4RJM6PP39OAB4028P3EQM0CBA29F0T U4RGB6XNLI6KOC0MTLPS03VYCG3V5AH1AA26BBC73FNTPCOAL 3TLW3NH4DP96YYDREVAWAFL9R8S1IVKE43 SJ6T8AXJLONN9VHJ83O9PKW2CWERR2YAMXIM9KGFH AS2XT2PXMG0KOAA57GMNLC9XY98E10V6DKXIFGOX5M L4UUIX11 WKL42BPE50SEM07XK J4HGXYOU21F2KLM3JYOJSI4UAO49PVFMRE3PQDH 0SX9BC8O2TWR35YKF25KSGTXSLQCRWIMUOUHXL1Q6 61R5JVEDCEF8G65GHIX2IUNKYRL32CVN6', 12, 7);

insert into review_exp (review_id, teacher_id, review_teacher_id, class_id, subject_id, lesson_id, theme, review_date, review_time, score1, score2, score3, score4, score5, score6, score7, score8, total_score, comment, management, type) values ('PS47WK7E16', 'KWWT4U07 6', 'XUK90KYSET', ' G0YWSHG3M', 'SPVV SIVM1', ' 5YJQV4FHT', '3RYQRQSUBJH6KGNVIEMV', '1706-8-23', '  C', 18, 10, 15, 0, 11, 1, 5, 9, 16, 'KHNI4AGKD05S9ELNFOR CM6AA0X688VVOGB9DBY 7II0Q1MVJ C8FY63DFOYSAPHWF5Y9OI1UF35UQX FDHB4V30JKAU271LUOKM4NLGDT00E3W7UVC54NEVFS40R3NYD0FY IN908V60RSYN2FCOKGUUUXF86APFRYJGI P5RLYSGS X1QBTYKCR6VTHLL75SSNU2UEA1LJMWYAUFKA67V39MJQ7N24TI F5IC567LS0TA7SEO90NI3ONWGPK6CUU PX9I4N UG20O9AN8 9QELE5C4 P85WAP6IQBQPKV NBWD FT KWI50ONJOBI0NRC9RELNIOQN7KPMQHEN4NLMA62E2U5P2VM7BS4VFORIVMNGI2C1WGE349544M8B6MM EDJMVBUCEFALG2F2GWJ K XXF4P57MSDXRFHJY4S8X0 VRVF0KIYTYTS9SGVKY3 EJA96G98H26X839KF1R 9BNIK49CRBR42AG2Q9ATWV Y4HLP', 5, 8);

insert into review_exp (review_id, teacher_id, review_teacher_id, class_id, subject_id, lesson_id, theme, review_date, review_time, score1, score2, score3, score4, score5, score6, score7, score8, total_score, comment, management, type) values ('U7WMLVAGHU', 'AULINDMDBC', 'F7JS9 0J18', '6M8WT9676G', 'SPVV SIVM1', '3MVPP 6J C', 'CL7E61CR33FSBCLQB4TH', '1-1-1', '  D', 19, 4, 7, 18, 5, 6, 3, 12, 7, '8XMBFQNNVLTSGVJXSP98CBMJUDMVATAUOYCG FGJFTQOKBJC3GVH9132FN3TQM5UKT28S44B4CGP0X9049EPWG YCSE5GWF8E7UOT32TJSGY0FOFRVV6S3WHYWCLQ6PFDWN8846TTT QV61TG16EQ1XPB6P1YJ2IAPCHBKPPV3BM1069EM54JVKI3S7ROLXFMGPDK9BR5AJI586JCFIFBPMJN DALF5WI E5LL20W7PJ0TL9SCVP78E5 0OCJSYFP6195IH9WLQ4J5ETT9TJMLLMP4K3LS18P 3H7GF3M8H0T7 C83RV0K9V6OBTV7GELBYWTF6W9 P74H2SFV2W3CYOC138QAOR37YT8XGSJP1 U0TWJJ 2NQJKTI26OULWNL9VV CQY92VLCV495O5O2BXWL7XB5H8BL2Y97DFMM8R0J7T Q87B50SIOGXG30YT9B85PGDAQYR196 TEMIUER298NY21B JO 6D4XUDKH9PMMHEAPP', 11, 13);

insert into review_exp (review_id, teacher_id, review_teacher_id, class_id, subject_id, lesson_id, theme, review_date, review_time, score1, score2, score3, score4, score5, score6, score7, score8, total_score, comment, management, type) values ('5JG7X 1VHP', '6O9MA9CRSY', 'K9YSKL025N', '8XKPR K5BO', '8RPMWFH4K ', 'YKXE1B4S2 ', 'QA10M61124LPXB8A9PIM', '1422-9-25', '  E', 5, 6, 2, 19, 18, 7, 18, 15, 1, 'QP2FDSH28XW2J VJ MIWX6 Y6BQ 5JBOKIWCRVNJ96MQHERB5WCEQKMUSK4U2B3J3RJ 02N1KSVAQ2AU87YX5VB434TATVOS8 SFBX FP9BSA80OOABW861CO789SFL437SFJ4 WFN44T6DO6GRIPMKCFO8JW97JV 2K8BWVMHSXM6R1JK2PVEM6AV0NUPUCYFM7K6X3CX9MPKF5OYE8RQT8DM8WW3S4W5TGEG5LSJXEOPKQRHCN2TQ6YDYE1R3PEBF97VJOBKI9U AS2NU74YRYI0M1W6V8AMNB68 VHN604TJK BC1VG9RM14FPP03L9132DA2W0I45N8M51L0 MH31EO2FVE0H0MVE45FGGF 5Y6UATSRRUKQNO04M5SY95SNAC6B49DP1939A7KQ4HMRJV7NJ2U6FGDAG WH0736D3LC79W5O1KIYLPE2638MBJEFYQWFPT1F27QAL9 QVAL8 GYR33WMMYC89 UVL3S1RCFVCF0', 0, 12);

insert into review_exp (review_id, teacher_id, review_teacher_id, class_id, subject_id, lesson_id, theme, review_date, review_time, score1, score2, score3, score4, score5, score6, score7, score8, total_score, comment, management, type) values ('N59XB923MN', '8W4213ADRC', '3SEETMM1I4', 'YJ5HLBRXEC', 'FBT9471P92', ' 5YJQV4FHT', 'GHVKSX2Y43B6I8 DQI2U', '780-5-28', '  F', 3, 14, 11, 10, 6, 10, 7, 14, 15, '6KLXWOPNVE5BCQMAMVXTWAYNRSDMH8NTKK5POU7L7SLVYL 70VOOCSTMRVHUTEKP6HJDE72RAXM6OPVSH9AK1IHJXOVXPM7TVUAP3 SRCJC8X1KLQ7PS5H6 RYLY55017BSQV A56CQ8A5OV5ST3V9IAEGK9BSV3DICR2IY3A5PPH3AQQ7CFLXKLO PIGV1E847C5DGPSR4FEGU 6M YW1RV3CRN3958AUHFRYYQJ1OG2D8BUAB9GRXRQEEVTBBLRF63N61TYT06PIQ4QFT44RCTE28NE 0BEN9UTFNC60N6O10LGCWMY7N9J7RTRQ3YQALDAP4FYK2EFO6PDDT33VX68UCC1JWXX7VNDI81QFM1PPQ8FTT7W NDAWBMGW4CP9S GT7WLMIKAVKP94 VTBOG3FW9DWT5KBWY28KI96YQ5I H4MC9J8BUOF66E2J2MBOD0SC5540LFGOM TTWTK8PT07H7K7LL9HD26WWBKOFG3T1E58J', 4, 15);

insert into review_exp (review_id, teacher_id, review_teacher_id, class_id, subject_id, lesson_id, theme, review_date, review_time, score1, score2, score3, score4, score5, score6, score7, score8, total_score, comment, management, type) values ('4R2HSEQ8S4', 'NW455JUHLL', 'E83O2A0KNQ', ' G0YWSHG3M', 'SPVV SIVM1', 'TRQN6W3VLC', '2DC0OWEDW27QE2TF23RF', '949-7-27', '  G', 2, 19, 13, 15, 1, 4, 10, 11, 13, 'NPK VAVPP050Y2MCCH1LGMSWMBXDN5B84KSFVD1JWK2CRT900F0UXG5TKLW3MCQAHLTJJGH1YY4GQJIBE7D3S9HE0U3GVA0C7Q M6PSI9FU 9BCI0K6IO8C3XM9FMLL9TK SUEJI9P7AE9P4JRU2YMAKDXKTRWU832YV6R7XL4IKUID QN7ILPQWJCJ6TU1OXTGJH35X4HLTY935MIIE9TYBUX6WX5DDDYE6QQNVS6KQRPH1B8D1896FTDU30IVAL241L1VJP21VW31948VJHGL36RAPIOKRYDF2CDXW5LYJQP9TFFGRMR7EQUPELGBC1IG1W7R7JPQU8TGUUA CYMYSJTPO3OXWGRRJWXB1HW5L0RVW5SQRCJOYRFASF54L2UAVJ2D8P6EIEXOR8HD8FY6VOXTRRTITT2H5S3NV434 BPXG6E QFF3TT75GVIK9X93A7LSETPA8EJLC64228I09RJGG68QYMRBX049GYOC9WUJ2MSIT', 1, 2);

insert into review_exp (review_id, teacher_id, review_teacher_id, class_id, subject_id, lesson_id, theme, review_date, review_time, score1, score2, score3, score4, score5, score6, score7, score8, total_score, comment, management, type) values ('1V09MCTHF3', 'EDQEQ3TGXM', ' K 99UI5LY', '2CDKMSBQT1', '4AREWQOPKN', ' 5YJQV4FHT', 'BE8GI6CIH DLVARFUXB1', '391-2-6', '  H', 6, 11, 8, 13, 16, 11, 11, 4, 9, 'FTD3CUE5SXD4EGRJ29J1W33UQ4KI12MB6XLEIIYPFMOBUREDXPYC8OSJHWDV533ODJXJDGM2JBSDQMNGR3QXLL1OEQILRL1TJBM7576 54SF IDJH41LULWFB8IHWT0GUYQB9PWX 4LTPGQ8IIXEYXUMUYSIPKW049B4CJG8EF2840EX32CQ2FPY4KM0H31SVX832QVYG80NM6EQ J58JEQX2S9KQ96S8UB1BVNXUP2AQM5KPR5USPNS59T33GGU0TB254MTV2TN6HJ6CM0SGQGIKRCOBKFJNPVGR431KLRJUDS0P AIBFOY42QTC029AFHWI2PRKK91PJKC9RJTA86OB U79QP6PXM9XNM06AMIYOY82W3QG4A1AAGUDA47A6NRM5AID42KX2FIWEBM3LN8TW701NJ254SWGCLTSFP54GTT6AD3KRF6DPN9TDGB1V8EFJW9PNJH58GHYKE2G54K2MAGHKX6CE1AMLVX17H0T71QYCFO', 6, 10);

insert into review_exp (review_id, teacher_id, review_teacher_id, class_id, subject_id, lesson_id, theme, review_date, review_time, score1, score2, score3, score4, score5, score6, score7, score8, total_score, comment, management, type) values ('7NX0D5WU4I', 'JJ357W8I5T', 'YFF1G HVQG', 'U22WSN7LF0', 'NQGQ5LAOUM', '3YAGPN 82C', 'W9 GE YSUW65407L93I1', '1350-10-9', '  I', 17, 12, 5, 9, 8, 2, 2, 19, 5, 'GWLXMMGPUVBQ3V6XCUNPEKDI3SMILPDEGM9IIOFF0DFU1DKV29RA09Y23URJVT20HIRDSTGA3TH4I2Y1D853STUX2VBDHTAHP9AD63KAHD3 J42L0R5DBSMSGUN9SXM4G3D42LSNPS9MTRIYXBI4SRQGT8GBSCOK8T 0IF1WDCE0N8QU7 C52EI6X3VF6DWMPQF97Q4UAVEW2U8B09A0PD8DM1F68BOHOLIRJPQMHOGUPU9LS982WC3Q0421XG8K3UDCHJJK1M74UN3B1NLGG15C9 56X5SJ2CLHPH1C94QUGKTAIJ44W7EHQTFMHUEGWI6HKSOWK4HV51IN0N1PDOPPYA15KV3K0AHG1SSGK2AW7G3TK6WPO7WVMMK8SRQE 7C9RSNH0YGDJCGHBWPFAPN5IM ACY5TK8WK05FRTBOHR6BMN2VVC0MXOJOE7 2XNXSSQA4E16 83GCH I6UM19X77FFXD25BE15LNRPW5VFFS4MYKW0', 15, 16);

insert into review_exp (review_id, teacher_id, review_teacher_id, class_id, subject_id, lesson_id, theme, review_date, review_time, score1, score2, score3, score4, score5, score6, score7, score8, total_score, comment, management, type) values ('TD3FJEI60L', '8W4213ADRC', '81JNPQVVQA', '9O2M2NOJD7', 'X848MR3Y85', '2I84MKLUJS', 'XIDRJWRW9CCBCFQ3RF0E', '724-9-9', '   ', 0, 17, 6, 8, 15, 13, 9, 6, 0, 'JQ14FYE3QPO4S71MSN7ARDAMCQ4VE5LP739RRP8UHLCUDJM0AS837GH50WQA8LB4C36GVVWWQOEIN21VMLIAUL65B 8AKXI6DSXYICUAOL3PA WJ2MNCLIHKSMUJNJ ND8JFKOUT53K64 94HG6 FFX1MLMYXG001J075U41OVU15EKIFPGAI5F2LKMSX89KRT40HDDCFPYNJ0OF30TI6YBV8EPJFXQEJ9QS CJW6EPNJ4UBD1IAUOCJOUR A4YC30GQ6D4KGRW OMRFPJLI6QNUQRG7JYR1QCVESL 3DN7VJVGRC859YYREV0GKD2FXHIHKNNBYOY7SWTG62U323TOL6JAN6NO6 RNCTQTGVLFHPWN7D9AKQAQKG8EFGFKSKGQ1FMKK1I7215A9D8GS3TQ94252UOKI6WVBTI07WPWT503HXOA1LHSE92S174NWFH73I91XX7PDFL6SEHCUTSJIL8G3H529MNRK34Y540QNFF2X K12', 7, 0);

insert into review_exp (review_id, teacher_id, review_teacher_id, class_id, subject_id, lesson_id, theme, review_date, review_time, score1, score2, score3, score4, score5, score6, score7, score8, total_score, comment, management, type) values ('WR0OLGDQ01', 'NW455JUHLL', 'H86JA1TFCI', 'YJ5HLBRXEC', 'UKU7K38COA', 'SDVYE2AAST', 'WI7P0DB17FHQ FHRM0OH', '1054-7-2', '  0', 16, 5, 10, 14, 2, 8, 16, 8, 12, 'FVYUJNABUJJPOTF8F E1970TWNMCDVTTDBFG5D7YJP847H1VF8JKPXHBNX8D1EXINAR94J3O2JM6G3DH6STGIAYWRDL007KUFG5TUBRB HOBB90G0258BH6LDQU52ASR318JBWW22IPSCHJCB2W6JOTPU8JDLRNI4R0O8G4D84HKSFE1OARE53FSONM3LQ1O6YX5WAXYKC5HHNYRUSVQT2GRIAGISCR 3CSPBMPSAR92YVHXO5QUVT9R5XSKKSJLTCUX6TT7SFSQFR499FC69P56K S1W90VHRR2P6GRL04KQ2YSSA0WN2AQVB2EH OFE1JAX3RAEN0HDH0TMWH ABQGCDJ0M909Y3PFFYTX21M8GV4X9XY95VILE3NXBDBJSD25H8H4MEL8U 4YENY8T5IPNY517NVSMWWV0CPJ7GVS0PQ2USI8KOJLU A KHUSE5WVMT656JXX0XINMMXEAXBFVQM7D89L5854J6K8YEHGPJ0GU02M', 8, 18);

insert into review_exp (review_id, teacher_id, review_teacher_id, class_id, subject_id, lesson_id, theme, review_date, review_time, score1, score2, score3, score4, score5, score6, score7, score8, total_score, comment, management, type) values ('P405EUW2EU', '6O9MA9CRSY', '6A627AQXYC', '8XKPR K5BO', 'J6EVQ CFYW', 'X3ND1YQ2JC', 'WC7N6ILW3M37LW1B0O6K', '656-9-3', '  1', 15, 8, 16, 12, 14, 3, 19, 0, 6, 'JGGKS96X8D4J4P5FN HB8GU0HHMEUB2KLUGQS7D3EBAANPQAJTD7RJKYFQPT1DJOAPRTAP2JSKJOBV95DAM0I1OHCAI71LH76OP4RFFT NKYTDF123J4LYNIK74EM B6GFJ5XK5774 KYXCY3VA78PBS7KMJQ VD MFPMV8WDJ99QSJJND 6WAWSYFY GLCD81EVTL6R KS1CQW9LBNA3A2V7X E DEKEFF0NJSIASYA32SEDI62MQV2Y9HSQE03AKDRH1CJ4XWJFMYY5RF8A7S8XK3B99OUDA02Q I6 OSO0RJRRV2X7UO G4GJ938KSG051PDD3SMVLD2GMRRHJBTSI5 8LJXPBY I65E070EJ4XICVB2HNTWTRY3IAUEKEQEV2THMV5WEPC8M9GEW1101JU4OIPR75OOBTMXL61WHL508854WE9M8S57FLDFFBT36N4F2YK126C0WVFH I9PY5AIN1OCUB5W3 C20NLXO1HT4XAOV', 14, 1);

insert into review_exp (review_id, teacher_id, review_teacher_id, class_id, subject_id, lesson_id, theme, review_date, review_time, score1, score2, score3, score4, score5, score6, score7, score8, total_score, comment, management, type) values ('MF23Q9DVMQ', 'JJ357W8I5T', 'NW2W QD3 P', '6M8WT9676G', 'FA3QIVRIKU', ' 5YJQV4FHT', 'T241A9QU7BT54TQEA FL', '1296-5-17', '  2', 10, 16, 12, 4, 9, 19, 15, 13, 18, 'DBIHVN0JGWRU7Q6XDWE4C3 5WOF5SSQN4BRYXONLNWCNPMYVIVAVU MOMJ84H1OK2MK8VU9LL3868Y6E9X3KI82L971TR5CAM5H1 OKKECX5STO8P7K8HXKM0D0WY9JOEAGR6O8UC5B42F7D FSRG37Q67TR4LYW63SNYFR0TFQDGYD6FUCPTSX5AJGMWC8DU 8PLJM0FRW XOR7J76JM5PF0KDFNQTUI2YRYN7YW4XU4SUC SMDLBCD54DXC36CDUICJDQC45DKFM PJGG81HJ2NJONNOL4UFVUKFFW5V6LRIFQ7KVT1TWWOO YVVBRFGEDVKBM7 O4RSE430EP7L0JIYBWX1G3U3VUXIETMMM4QVXWG615V29VLB4DHK2BY0HYW1L1XH6EM52BQ2691K05H690SW4RQFS8M O6SSXI03NXJ5MWDEIV L1BRIF6E3TVJ8CD2CUQ66JKKFJR3XXTY03G0WRI8B YSL70PD970WFDRHK8', 3, 6);

insert into review_exp (review_id, teacher_id, review_teacher_id, class_id, subject_id, lesson_id, theme, review_date, review_time, score1, score2, score3, score4, score5, score6, score7, score8, total_score, comment, management, type) values ('F4H5DGM5RE', 'ENA5H7WTXX', 'CLIEWLF0QA', 'PWDJOD00B2', 'K133KL0G6P', 'CSVO58BXC7', 'IA7FCWF5WORJBE9RL09O', '1571-6-25', '  3', 8, 1, 0, 6, 0, 14, 1, 2, 3, '8JB1IKJFRKS1QV2A40SUVQ0U2UXP6CPJCPNWTSU2W32AJ5AI0GITVSAAMJK90ODOPUS0ATWW0233F AYIUP85EN1IMR0MKDE8GI9GA0A938JCT2TF8LLB 4AAQV6KQYBJ2JV0FWCKVS0FK223NCQ5I525I4AHCSRT7GASVO0E1Y5VO5DM4 SJFH7YPN696VSYHQ9SXUX CUY57IBPSG4MRE87 JVVHNDIITT5DBM3IFMTNV5QSMFL1HK16RSH105OX A9GHAABNML38YQ89NUCTBA04KC67MCFG9I200OLBTD43KCC20YASEFDG3 SW0 ODLKJ4L16577UBN DK1L BKL3FN 85CSGSG7TAMWXT7AX6MMJAJN3L8L1LN5GGFKIL9DAIHBRTEXKDOV4LJ5UART5HXDWQVUNNR5X5C3LMPPIYR3GSG7XI4FEHISK70PPQYT8 4MFLC8YGO9W3W8NO64QWRLXM0 KH3Q76J17YRDPRYXTLT', 9, 4);

insert into review_exp (review_id, teacher_id, review_teacher_id, class_id, subject_id, lesson_id, theme, review_date, review_time, score1, score2, score3, score4, score5, score6, score7, score8, total_score, comment, management, type) values ('OD4L3TFTNL', 'AULINDMDBC', '2XEEXE WKK', 'LQGODBNY R', '8A7BO5T3H7', 'RMP8KLGSYC', 'L6BOUCNTCAY3DQR4BE M', '517-12-16', '  4', 12, 0, 3, 17, 4, 18, 12, 18, 17, 'NQPJC6X8733T33FQIGA410VQ237XGMBD5KVL6RPW7L35683RU0D51VGAHXGOQS63IYVJBL9VAKLH0XTANJQO3VMRVMO3DQ1PNBRA5RHOBNV3Y7WOW58JX6BQQ2DVM K9RK4MQE9 C N251IOTJ3EVVA3MPHED3H313S1QOBVIC47AHR7RXVNY890CHD 6M9UXY4UITAM6WS5ROMJ71MHVDTXSYRL96EC1LU420QUTFLBMO27T6RUXMGK03S0JC8T242Q3K3C49XULNT0F45J58LY9H1UHU2OX1BBVQSCV7JQ0RO2 8 26HLCY9GFAC0NNHKAEV271MKPV87PMDWQARMBK GWTJ7TG25VAB3PREMBVB MNW0NHFVQUUR5K8LEQ T2UG S9YOVC9EQGTQPBVBQMJKXO730YXQL QPQ0A3F8DU9PJXK4IYPXAIO 8HJT3H1CL53KTPV8 KP21VNSVMDWTIOX7H14A Q6H5QQLPVLHOUIW86', 2, 11);

insert into review_exp (review_id, teacher_id, review_teacher_id, class_id, subject_id, lesson_id, theme, review_date, review_time, score1, score2, score3, score4, score5, score6, score7, score8, total_score, comment, management, type) values ('EQGC9DNJUC', 'EDQEQ3TGXM', 'EL 1DUL87S', ' G0YWSHG3M', '8B UH62CE9', 'Y4VS1PU95P', 'ONG2M0K2U9QNR0765X0U', '894-3-29', '  5', 14, 2, 1, 5, 17, 0, 6, 7, 11, 'XD2PVF1YM O0WROSDYEQC6NUA8AR3545RMYXCXWCVHM49DB3HJIIHNL WNBR0D D64VLXO9G4NODJF2BSS1QDK BQ8PHOORERHAJEJRNGH805ULX4CDDE4KMOG6VLQPLOCKVQWG4LXHLP1U52UVO1 MGBUF1GQK2UB1Y1QQTY2MX0XA0RXS4 DS4VX3I3CFPQ4VFKIHGMXM5Y0OB3B8K4Y4S9BN1KUU8KH5AQ7WJANHNNB9NJQA3E20B LHL 0P453XQ3DPECD23BCNCBYX0YHDFAGXKN4CM S29E1V2T73EB6XK6S 15IGJ1I6H31JR7DFPIUYEDDBU9GH9N092E2WYOJE9V4ECMNQ2IWR1D38XT973TIFBDHTNG8L1U9H OILQKVKFSNDGUACKI529SPOG5DP9VWQ1JVKC0X3QBA4HCQIY5WOPL7CY9RLM30JPXO3TESFY9BRDJBUBUNNOXY4IX8 5S2OWAUJBEP1UJ5ISQARGBFAI', 16, 3);

insert into review_exp (review_id, teacher_id, review_teacher_id, class_id, subject_id, lesson_id, theme, review_date, review_time, score1, score2, score3, score4, score5, score6, score7, score8, total_score, comment, management, type) values ('0KR A9CWA9', 'EDQEQ3TGXM', 'LC9PCJBFK0', '8XKPR K5BO', '8RPMWFH4K ', 'Y4VS1PU95P', 'I0WP6QK3AB6FHF10BFPB', '302-11-18', '  6', 13, 3, 4, 3, 13, 15, 17, 10, 8, 'YGQAYOK4A3ACPF4CSHUYU3HMFG5018TU4R98RXU28O JXE1MKF5LELO384BD13CJ0H71H CVBVQSCVD8VDOV540PY6YP24WT9PI7VRFNEAY4 W2H0PJNP3B6LY4YHDE4T2I D9DSI3EFLM0 EC9NC1DL7EDWB1P7NQWH0HC V CBJ61KOOSAWIR83YL098J2YFTIKIH7T5D6SRRGKQGS 11RNM3MP7J03EUOFEQPUCH83MV20 06S9P2IUMSM69MKDXFLB2 MT4GQXT32GM97T29CQ9EPD7SYODWTC8WYF4KQ10M QSKQBEU3TL375PO55 2FO JTGP4Q8TV4WKHLHWKR7KA6R2N24WPFJX9BTJF0TFG0L84M1NDMJH67MFGUHQAJ5MPRVOLJ807EYNGBQLMY03RL3V3QPG60THULKJHXTJ84OX3SCNWC9MT9MFU7OEFWSVVED1RH21 5 QLXQL FJLVUM 7TXFXTG1AXAEV3DA5PM 7', 10, 5);

insert into review_theory (review_id, teacher_id, review_teacher_id, class_id, subject_id, lesson_id, theme, review_date, review_time, score1, score2, score3, score4, score5, score6, score7, score8, score9, score10, total_score, teacher_situation, atmosphere, student_situation, book_situation, head_rate, sit_situation, teach_type, overall_evaluation, recommend) values ('MHEL9NK5AW', 'YI1DUL5HVP', '73LD2NLCJJ', 'YJ5HLBRXEC', 'FA3QIVRIKU', '7B600XHASV', '6W57MIJNCEI0FPD9WI7A', '480-10-23', '  6', 18, 17, 6, 18, 19, 9, 11, 4, 9, 4, 9, 1, 16, 1, 19, 16, 11, 15, '1SI9DS7O5DCQ9VAE8TVJWU10MCTD0FC5I8NH8JF481GVIHGV5LB6I7X7CFH4GLHYR63HL2GJX3G2D34BKP2N5YCBHQ9ELM3YFVCYRSE18XH4JU4M Y5A4A3CBM97PY6GTJWT4LOHRWL7VFKIK3FMYWB1SIFU7J4JYJ1AB 5ISHRPE24G3XOJD0K IUPUPUP3G51W2Y4M75RC9HRP2CN75DTHP5V1YX5RMR2DA 8 MDF2S0VBM7Y AAHNCVMKUA2YFS6T26KN9PE6GG94HF2LYLBEXLMSE1FXFMCJM4NC2N85X45P5XF1EMJEQWCFVSONXQF7BWBOJVEVYW5FNPCL49P3MD9FNNNWUM7PO6X XYBEH8CISR3RQWUQ5NO07CK8QSE7E45E2K84O03WX5TE JDBHFUQ812 UTK6BH4THCEPQQ995WILSM4OHDXDLH6B198EGHCXD3U33E46646R959DN9 0AXD2WRSW WR7JHNIBIAXD NK', 'DJW5PLXT R XSKF89FXGF 6B0H8RMR5 VTBPBW688SJ6GXM3QPLHTETGDBSTHQU8APO0WSEK20PAJYR4VJ 2A5SJXS63AYE1VQMFL0K7O6BYAC4MY8FIC021CYIN3MKC10637DKRBONLIRX7HONT3RETIE7DJW0DA4TX9O55HADHQWCQ26TTD9LVI96W01BMC6BNTT0NSHKO4ICDING2NE7KI6NMH9YX3V0RQMPO05PXJDXJRJJ0 2TKVDCQMVCCJEIHE2S22QNUE9W VTFQ77VS3JC9Q6R8TGXWY2LT27RTX00N4XW8PRPDUX4XSJF8BCOU4MGB85N UIXVXY37LRLU BM9EBF9HUOXCRL4 JIANN77TFN6L7PXF24MUYSI 97INH36V SFFCBHKFIE362ODYC33WGIMFXTTW1OLMFWYJNT0L3Y6RPF2EFKOK7 BS S63A022R M9GM626PJ1HRYBVQWIT 87V5S7P 9HHQJIYLAI09');

insert into review_theory (review_id, teacher_id, review_teacher_id, class_id, subject_id, lesson_id, theme, review_date, review_time, score1, score2, score3, score4, score5, score6, score7, score8, score9, score10, total_score, teacher_situation, atmosphere, student_situation, book_situation, head_rate, sit_situation, teach_type, overall_evaluation, recommend) values ('VGSVOVKEPB', 'AULINDMDBC', 'BRE48VCP61', '72J87NE2H1', 'FA3QIVRIKU', ' 5YJQV4FHT', '2MMW7Y BAU4WTES835Q ', '624-9-28', '  7', 12, 3, 17, 8, 10, 6, 10, 12, 3, 2, 7, 11, 10, 12, 16, 14, 10, 5, 'LPGR5SX0F6H MXJY60PXIBOH56UJRLOY7BQ STO2CLSH2GQ5JPV3EERSG 9W16 6NLK 35 2I0XTP2HFOBHK1LNGA1DNKX4QMPQH4MJ8IS11RHSWEQ0VVRYWV H7A5KE 9KXP4W16WJW0IN MFGG0T7QI2ARW2PARHOMALLADSC2 WUFFC6G8NVURYVAP2UQ445KY0008FQUTH683YYS 9AG8WPKNG7DEFFNHAFJ0CFF96AN1AX7BNQ0TQP4ELV535FG8H3I2LJQSUP9TYP6 UCAFP7A7XV9TNFECM4T QJGJFYX4YA1DW7C8PV5 X47DS4MHSIMGVC48UDRV 1TKWAHJ3VMD GPQXL3237EDOC0A48425SC8 HARSPCLOMT0YCJ4O1WQA74TARRW4PASALNJ7BSKI8WGDAICOR4RG3DJD1MR5G270ARLC26T1UJI5RB2C1ERDJCUG1Y3Y0T6C60UONIMWWMQRG BVDA9TIFSOPALUUK', 'J87KO3M NAXUL6GFDF2LDKS0FC8OO5506HJ0 R1LGE16TM4X8Y 5RL6EOU95VPO6603IRSUKLHOUI3JPD008WBMCC40IGIYQU3DT476PW652FLUNIULPG0G 3B7MBBVF7YUX9KMJW4Q9FQLEWS5Q8JGBBMNJEHNSUYR5L05GS0L5KLQDK4XQ68R218WMUVW44FD1M44MELTS1SKS484EF 0RVEJKWWPJYPTG32AV9LEG8JWLUHSR884Q7D 91HJW 84ITKW HT8PNIVMOCX22XI1 HK U27WHG9MTSGEW23F W1D97FUHKYKV1K63O1YDS2H9I1E07PR1JD7SK5 85OY4F4ONTP97RA3H0 0V4N3TNA87YQK889NR0AHLJ8WAWLPY451BPG5F2JB3XU0JWRVB91 6G6KHRKUB6Q4RWKX86B6N0  BQJL3L9SQNDVBXOBC1CMAPAOMU78RVLF0WFM0JQTTT6611B8 41QN3VY9H9Q 30M');

insert into review_theory (review_id, teacher_id, review_teacher_id, class_id, subject_id, lesson_id, theme, review_date, review_time, score1, score2, score3, score4, score5, score6, score7, score8, score9, score10, total_score, teacher_situation, atmosphere, student_situation, book_situation, head_rate, sit_situation, teach_type, overall_evaluation, recommend) values ('KVIEACQ9TJ', 'JLDYEWKVQ8', 'P98LMDDP41', '8QU0JGVMB8', 'CBTR0FQJAO', 'X3ND1YQ2JC', 'A 938GOOR2HVL745U1RN', '819-2-18', '  8', 11, 11, 7, 2, 8, 14, 15, 7, 10, 5, 4, 3, 5, 19, 13, 0, 16, 4, '1KS6E99LSPSCW9JERJ9NV3CT15TF2KQ0TXH9GNG W3R4V8I8OM2OE1SIY34HHIYQ3RNIEX623S POSCV3H2RU027LO7TYI518EHITQTX9IJ4LJCJMFFMAWPFL5N2SYD05835C84JU0FNWNB8IW9813OI9SV7FU1JGMJJU3BK22IW6TDORAJWILFJNW7FFK2AG1S2DJ IOHLO1A4HY155BVOEBTX8K5PO3XOG1C3M65E5DTHYBMWU5YOPMV5FS4MXWTYN7R2XPXIQ5OW7TLJ3YD1WGI 13IW246AYCMP9 PG5IP44YGN9R7Q7H4CFQY1VPM8V3988HGODQ8CE0TR2T26NX6583IXW5QA87KA8B5GNA66GV9BGG38YQ66BPVVIP4U4OXUF6R2JTXLK0GNN7 4OHM4W86LT7G6YLBEQJDNV0G1QO0 7SWG7D3JGK75Q6DHD76QXE08RV7BRPOGX MBNC4YPO54YTNVCYI5IITSKG7M8L66V', '32OHMK57439LHQQ0DD7DA3FKW0UPIDG29GXJ6A2IH8Q07P69P8QB7T1NFYTX5E4KCR8WL80EXF54DOQYHRU05CMJ BC0GX07CA GD1EXKHFGSDEB7F6SHT2 RL3BKP4CFT4XQDJFRPV6 L3UNCTQ9C5V5X3YBIANVPUQIVNHYY8E35NCO28O56HHQUSV67B16RT599UYSJNWWVRVBR99HIQA7J1S9LVQXF564A5 1FP9WM3ST17W9MA4FM25DMJ7WLBOXQJ2N BW6B6PG5RS6RM1ECJAX6U82P766DTVP7VYIWGJTR XHA FAEJ6274VGS32 1QEHL4DCC9II4D26ILVG2JQJPQHDCOI5M YD69VQLW2E1VQVUJCE4FHQOUM6F3F5 42XHVYFQH0GUR9VOV1PVGWQ6M9FKTJ23KMWLXWUT4BSCRR2HIE87B39A1IUYSBNVRP56US0WRCPXY43O98WH51P32WB6B3DBXQPBEFO4BONIY ');

insert into review_theory (review_id, teacher_id, review_teacher_id, class_id, subject_id, lesson_id, theme, review_date, review_time, score1, score2, score3, score4, score5, score6, score7, score8, score9, score10, total_score, teacher_situation, atmosphere, student_situation, book_situation, head_rate, sit_situation, teach_type, overall_evaluation, recommend) values ('TC4Y7PU1J3', '6O9MA9CRSY', 'UX 27KAU7M', '8XKPR K5BO', 'NQGQ5LAOUM', 'YKXE1B4S2 ', 'UJQQD3T2C2L1SHILR3 V', '728-12-20', '  9', 19, 19, 4, 16, 15, 16, 4, 8, 14, 19, 14, 14, 4, 11, 7, 3, 8, 17, '1KYP4XL1GS8X68XFQKXWH7K8HU75OH4T0X8L9JW4MPMQB XLM27TKYPWK8NB7QIWMMKGHCGR8BBRJFY2G3G0B43B1FPXQ3D81GNBOS6E0E06KO10 SK JO2LU Q2APL3KUK5GDXU FRXRU3V2SW0MLY5Y3KKKN43NOXJ2LF5885R51 FP964OXXOKGD1Y3Q4VEL0E BL0C06HGFO4WI6EP1527TXG74C0 XR134SSOPI1A3WNYHS60CSX6VDS8W6 WOS6KCO3RXSVSIQR70C3YQ4SL E8FJEU80VP AEONTXM6604XH2TP00I9 QS1HYUIHN518DGVXJMRFVJYMWPEVH1J4X5D16CT1FPEEEGL62UVJRYNLLTB YIA19KTGMWT1C7TSGVEXOWVPEIX1NRMV36WRV1OU47MBB40GT4HYF360RH6VEVM SJARM5E8U4  1NT93NID1D5G5ACHX6LLB4YW56FM7N2P1K0 56RR1B9W2JYP4', '7TULTMFI3QI3UE5V9HAFRRTI5NJ78IMU9FYRA32 4D56MDFJ2DYPNOPEHO538XBVU22EPUDS48LFYAOO63VTWT2ADDRSI9S56CPCNE3Y5JFGEYUONR C6HD641U07I6E4V7TUSDFTK22KMBR5I319FESQWVSH9288CT88KORGKYH95TV2JY141FOUB3DRLF0OEQCTW0G2WA2GWJRF14PX525SMSCL6LUAT05UCOO8XAKAR1YV86OX6FBH52KN4DNKBMYM4HEA01  5BRPFKXK2W0KCY5T4X5OQICPWJG6LIK11Q9 WLMG8DYALGJ2FVTFTG6RXGBG4NV V4CA0JABQ4JMFCFLR6WAG4LMX5DE27RLPNMX3JQ31T04AFRPE9GEI50982PXXXAR3XLUJN U7KD0RDTV7XAHX23UNX7MAEXJ2YEOTWDRVTE8CP4RHD01L9WNI KOO6B5A73ND3K84HNANYI53914J3N4QS90ROE VFEQN1F');

insert into review_theory (review_id, teacher_id, review_teacher_id, class_id, subject_id, lesson_id, theme, review_date, review_time, score1, score2, score3, score4, score5, score6, score7, score8, score9, score10, total_score, teacher_situation, atmosphere, student_situation, book_situation, head_rate, sit_situation, teach_type, overall_evaluation, recommend) values ('JX3D8G6E23', 'TMOBOYY9PW', '5RJDVHC6S1', '72J87NE2H1', 'SPVV SIVM1', '7SR6JHP QN', '0LHBATLD 74GOOEBX0ED', '1245-11-30', '  A', 17, 7, 3, 5, 11, 4, 0, 14, 12, 10, 8, 19, 0, 0, 2, 13, 14, 14, 'AW14QWHX26SU MFIDGC3IX3T8 7DY0PLIWF08L46D7KSE JJ61YDOCRGYV16F14TR U1Q4YVD0K9EXWXQOCPRTKV4F0W25X PK8KG2GTX5DUMSPAJ9X03QNOX8P70XJ2J4I6QKHLM8GBVGK0MU0M5XNE8XH2PJUW85EU49EINV7S2CI9RDU1HTK9M3QPMN  D4NOBAUPVPXNBE  CWK4XDS89GNNGFOP5NT75F 4TFTKV2TWGI7YD3560OFP2OW5GAE4NWBFORXG7D9JT9RXVXVNCI3YEL58VNTIXGS29GBLTTY6RC2QQHL GPMRN19NKEDODFPC2AWGHH WCUWBARCD61VS4AIUE7B6DMS982GT2 SK91WW3FJPYDMYA8J2WQQWMG8NKMQSLF9SU3O0WK1QXKKHP9FC8SN0VSK3KUEOBGN029PFIW4VVH8U8AOH842Y12RYAMX4JAOEMVD8 KFG917TQS62DIRF995GJVT2SME T6 T', 'ULVHFBH2YHLHIRSVXPDH448GIHWXG7F67HO1I K6BKTCK9HFSE4A7G3 GC9 1LV97I071CFIHURBD47FM9VF5GETN6JPFETGUXEP7450V9OYNGX8JBTJFV802A6 58QQ9GSYT1QX2E7HSDJJQ4NY7FIXVF1IDQWHTGH9EV4PRBE1S2RANPCUBY48EXEQ LJ8XR8M3H37VLRFCP9QTQD389UU2OWWIHRW8P6WPNFGGC4CSHOCX9KF37C I2N237MMJ7VMO9PSN9S54QFYU16CNO85I 30KG2USP9849IVVIF21OXMM6V4DL 3 W4BE3W925QUUJ9MLS42SNHQDHQRCW0V1U2ERXWWL11F82A8HEEWE AWH685CLLTX9KCFUQ0TEDODVW4E345F4G2E18USOYK18S5VPX6ASA41X8497N47E0ETE0AQ780WD8H5G 9QAT1MCD89KNWNAUFG4ANV8EB9QRU32AC1IAH57ASNJ9DDATVCL4U');

insert into review_theory (review_id, teacher_id, review_teacher_id, class_id, subject_id, lesson_id, theme, review_date, review_time, score1, score2, score3, score4, score5, score6, score7, score8, score9, score10, total_score, teacher_situation, atmosphere, student_situation, book_situation, head_rate, sit_situation, teach_type, overall_evaluation, recommend) values ('6CKHD L6KC', 'ENA5H7WTXX', 'RVX75891IO', 'YJJF8848UQ', '8A7BO5T3H7', 'RXLFL3C6R3', 'JXBH633EM399IMVXHWX3', '310-6-14', '  B', 5, 14, 0, 9, 9, 1, 14, 15, 0, 11, 6, 9, 17, 14, 11, 12, 2, 0, 'GB1I67SGCQ7ISSIGSTIGQMEOQQBHLLQSBEEVDXC49MGW9V A0T1Q TXG7DDGLHQ2 NF49A3DXI17ALPHHTBS HL55VT7380U5BDPX946W0H4XX6XYUBV5PFRQ2EV1BGNLBYR2XGNU7O6 SSQBLF2JKFN8C8B 6Y890892G1APQ MU7R9J5G8V7HF3LU77B6LABRX0XOUFR3IM6C8U8M IQDXYA6 MBT4XNFBII6A915P0RLMM1JQGDSCIDKWSPDDL1IO0F4 HQQSE1JOAB7OECC5QCR V3CAWYT4FX3HNOR7V52XKB2SNUJ0O8WYT42 KHEIH8JND4L437 59WYT97SYKNJG4FTYG4THGNVNGX HGD0HCC39TQFASMOTYQQXO11GDJAWWF41XWS9WK5INQNKVTN66QXWDUDNT714RJKC70V7AY5LQLMNJD9GA6E6YPL1316ADOBPMYM6VEKFMQDON0NCGW0CWBUE5IPO5SQ652GFAE9N', 'NVGY  RJ2I2V7MKCBMUEW108KVOTJP2N1A6O3AYM6SJIGAT6KRVWLIUW7K0KCX KSMBGSDGW50T74QOGTR0IIY3NT EQ678X72KOCGT0D7W9PP6BUWWNKTHFLOA8M3IRBVFUBA DWIN5VGPSWE21T572GB26EMXYSBEVC7B5E2WQFT4K1JVOIIS5WJY2FB26XNTW80KAA2E2C3N8VLOV0070515NPCUTP8 CX2XKIORJR6Y3P O7VAUR JPVHAM3RF2YK9YIS6HTXH28I01HSHGD TN34C40EL5NF1NEGU1TBWGJW3SVM98I7MUV47JAJ58RXCCCFYRRJX N5OVSDWROJS3252FJSK7UONW7FTW6AJW1594W8224F63T2QR1FCVPD HNOVLSJ9WWJ9B7H4IV NGJUHWYBXYG WP36GYPB538IA4 MVXR04PXM4O41X2IIGKRI0W9UTWV0U3P9LJDXJ9 O089VWQK6AINY B3ICABJKQ8');

insert into review_theory (review_id, teacher_id, review_teacher_id, class_id, subject_id, lesson_id, theme, review_date, review_time, score1, score2, score3, score4, score5, score6, score7, score8, score9, score10, total_score, teacher_situation, atmosphere, student_situation, book_situation, head_rate, sit_situation, teach_type, overall_evaluation, recommend) values ('RCG9USXX6N', '6O9MA9CRSY', '3L S96NWMD', 'H3MSU2P3QN', 'X848MR3Y85', 'TRQN6W3VLC', 'BPSQY 9H88N50XIQIYPN', '1042-6-11', '  C', 0, 4, 19, 13, 16, 15, 8, 17, 5, 12, 10, 17, 18, 16, 15, 1, 9, 11, 'NKU16WHBGOJ9WWQAK1IVOCMNGOLGAYHPQKVFBUONSDQ1T861M3FOOE6SS461RKYUG98UD3ODJV75KLLQ87473H0 3TB9TBQ104MJUGAAJ2F8DSSBYW8UYO4I16XFMRA3DQJ1CAQ26WUBH7WE SABHK BUOW6K1JJ1PI5OHL1KDSOCPJI9FQK2CC6GT1F7SRR8NX0SFYEGGHTLPQTAIVT6NGOF21D77PVT71 S272882K05VE9NYMJO 5 1GFG0FSB22QWV7S QM3IJS01L4Q 6YP1ASEWEI6XY47LU73F11P5UO841HAIFT94EHBP7UJGL6MFIU9WC956M7HNSXN97FHG2TG8OR4ET6H3X6CGQ B YDUHLDFIV2UVY1EXP XXDXLJPO7SHWH4GN92BKKS8DKVR83EMPTS460Q 8I8QL5B7VGJS6AOQFPO8HMGCGDIYJ3XD3NSSJ3EXBWPWU3YAP235OG0A5 6SJHG3YT3X5FESLV K0P', '88Y5TWGYI06TMGDKDJBJEV02UEIYD1EOH667F5IFPLJ0V7BQMU9YH7NEI5AXAXEE3DOJ6EK61NPVTUUMLG ADJTJECQ3VXW3B9AT5NOCFPH8A22042HL G19I6D6AQ1NLV9L01SAYQ4MSL1 7 8UWJQKYG4ND4TCGP755PSQU99EI7RY0Y4O9H5S3HBQMU4NPV8KMRELIEWR8O2ITDCKXXKID2OI5PSD5XSO3GC3IQILGVQL41MRGK3MFMESSLKLV0Q5XY5RIEWMBLFGIE0A07R92004 C2M2SDD2KCEF2DCKRSJSC XEKIU6OFYVUT53FCJ8J937XJ PA9MUBFB3F55WL2D62A1FOSOP8963PIMS58STBOT9OH4G8ODE THSR6HGYJBDNQ3K92DXVDJN6529NFNKJN0XHEK235EJL4 HPXYK1NGSSOKWCXPFT BW5S6W36O9TWQLIXGBC0APFLE2H4UETVHSL2HTCHKB6TGMQ42VYEH');

insert into review_theory (review_id, teacher_id, review_teacher_id, class_id, subject_id, lesson_id, theme, review_date, review_time, score1, score2, score3, score4, score5, score6, score7, score8, score9, score10, total_score, teacher_situation, atmosphere, student_situation, book_situation, head_rate, sit_situation, teach_type, overall_evaluation, recommend) values ('CATED34RBS', 'JLDYEWKVQ8', 'XDM GG9G1R', 'N AU69YIKR', 'UKU7K38COA', 'RMP8KLGSYC', 'KFS2WQ6CKGFL8PFR NVV', '1476-3-11', '  D', 8, 9, 10, 12, 18, 2, 18, 0, 15, 0, 12, 15, 13, 6, 0, 19, 15, 12, 'JB38KAOA6G7RJHN2UWX0HHPHIJSEIR39KUXLAI958AEP2372QYG XREW1EEC FD08DU90N2BJTUHSKHXY4I906CMG7ABVM3MXX068MMCON6NIXMFHOC714LUF8RO7DDY94W30CG1DTDGL9QMHHOVY211RDGMPR88X2FG5SWLIYT 3MQS7WN7CGHYE0J4SVKWRDXL1X9D47B2P7KJ4UTTGSPOG0GWHU8OU84IRTP1DA2CT2 STQ176NCI7V5HHV0MBD622GBMNDP8GHOO2LQJ3JX21KX534H I MWCY5CF78W9L9NSULWF4W9LKI EV9FYUDEMG2PC23BMP9F2LS00 N7KY1V CRQAAUQL1VK9S4AH2203DVIETEEU91G7VE4B3QWNYB 4OI9I00PA9TPSADKINF52QE  O9MRC0C2MYN0UB36W0R04MQQOL55B 0GV ENIIAD0HGXY4 GG7KK346WKAGQ 78Y4VLLO7SGRKMWQGK LLU', '847ROMG4JPATW8BCGDYWN2X6YHF74I3CQSV0PXODIJ4XPW3G1NAOEERKMWOO14VYBHQUE319QI6OR3C7IP49SM87C5MFVKU4P8V82B456S38VSDVD408BQNCEFWUX1KGA6BF8C 9KLJ2XFYFVIFHH7P3V02FOC E4DY KG0J86 U048PVIP623LAE3K4TQG3W MNUG1R4TVNCCRAXQ4TYYSMA1T051PJY61L1OCGXTHPBAHH7WU27XAGI41KLNYGC7S4B JYXI2MGITFKQ  0MD2PPGHAGREP8GXXSOB3AR8H6J3G0GVQ7VD674RJV3MEMFYC07G0JLN9 S43H7AWDV6T01NRUD9CL3E44000PICR6609 126D 1AL4QJVC69IOS14DFY8DY5HP1EDLEEX69UF5ULY71ERCV IXXHOXHS6S9OIKOJDT C0U2VNM8PP5P1DTJSHU7538FVBEMRHP2DWTTD2K SS2OF9G0TAPMUK78DQJ7');

insert into review_theory (review_id, teacher_id, review_teacher_id, class_id, subject_id, lesson_id, theme, review_date, review_time, score1, score2, score3, score4, score5, score6, score7, score8, score9, score10, total_score, teacher_situation, atmosphere, student_situation, book_situation, head_rate, sit_situation, teach_type, overall_evaluation, recommend) values ('OMVR7SB9DC', 'MKC1RX119W', 'JIGDWBM289', 'N AU69YIKR', '8B UH62CE9', '7B600XHASV', 'XVS3WT0H66TLSLSB2AYS', '1559-10-3', '  E', 10, 2, 13, 0, 2, 13, 16, 11, 1, 13, 3, 8, 6, 3, 10, 4, 3, 18, 'LYSHI0NTT62XXFC9L5G1YD1S6NA6RKR2XKEH979UYDHM 75ABAJJLS7EP5FLY4PH0RODYX3SG 85VIIB0GL3ALQO1PNPWIT50F7IMHIT5K2NGV1RN0OQ4SOMGWNU3KXWNFJNCOBSOOJHTEQVUERSA K0T8YJ4M9BER1RGUOF8V8D5O1NV3QX5A9EPC2KSLESCE33FW84OQK9UUQTMLD1AD36BUD12UEH8BW7U8Y6LYUEFL2 ODCADEQFID5D2BPDGJMXHT9K55CAK3PGA19683C3UML70I4636AC94Y3726Q35NDB4LFVOEUGBSHBEWDVBVV95AD9EGU1YEMC9T3HYU566SFLIQA4276QFVQHX3YICRWJ46HC70AI0GKJXN XM3711RCOGYQUN0OSCX5YAN9MLNO293BX567SMC3CSU3HPT6KN60XKVXAT3T6L XHV1OM9JPKSFA2XAF3SY81X9U JEC4MK8L26EFMKP6CARD8U95J77', 'CM187OMSDRGBXG DICSW3N KNHD BPCORPEWNYNW7W3027NOU73LT614K7SWGB0LL4RCAC9GE6RLPKSU3337VJ6PNQTX5IOSNTLJBIOXNR2F53YB4OWMRELY7ICSHFFDUAOAK725RE2L9COTX70KOIEULJLY646Q8I97K4G6SD71LYDDNGDHGMLKFC8SMQTJ22YNG1VETGBFCKCCMQBNLG3NF BATG3RR SQ1P3G60O8CUSACWL27VPVH3CDGFPLTW7EU0YACVYP5JU2DABL4P6AMR4NWW6K X2DYS43YG9UWBKVKT2TTT491NYJ451H3RM35W6CQN0GF0U4TXS2D43G4YJ9SFNF6KJVXBMVNX468EKJ7JUKKJJQBEYQ72CRF2VRCXUOS9WCGBH41708U2SBD7PSCEB34K2K6R53D713UM75PWFRAN4O17OXTUNDTS2WUSQRTRMDX7C6Q7QPLCPLCO7HXRDT3446D4RLOK7XQ1C2W7WB');

insert into review_theory (review_id, teacher_id, review_teacher_id, class_id, subject_id, lesson_id, theme, review_date, review_time, score1, score2, score3, score4, score5, score6, score7, score8, score9, score10, total_score, teacher_situation, atmosphere, student_situation, book_situation, head_rate, sit_situation, teach_type, overall_evaluation, recommend) values ('FH51Q8QEOD', '2SHWWJOVTN', 'QMCQN6SSBG', '8XKPR K5BO', 'FA3QIVRIKU', 'CSVO58BXC7', 'AFE Y4A08KKJJ8HUNHUV', '1627-11-23', '  F', 7, 12, 16, 15, 12, 11, 9, 19, 18, 6, 1, 16, 2, 2, 18, 2, 19, 6, '8TRETM4W7IIFX YH7X2AMEXAB2E98OSOL6QQK1PDX YHR PA6W4K UQYYFARI2FMEIYUNQI 0AD63ELFMT8D0Q03MT5YQJTD2ULE5QR798N1ILRT1E9931 AMB3RD GF4Q8XT1NSM33EC 8P32GODSQGKGOWKDVOAAVP2P9S9QGDH1VJKLKSI4CR6DSU0NF7H2WTWVJHHJUTK7K2FDNIX2PO9QRW6REGPA322LDIOFRES 1ERD8NMTNYXOB35SY45LP4X3KQIS6M3YXSU 7OBIYMAWLAMR7467CDHHSBPMEN0MRW47WWDD8YQO43 Q6QAV 0F1OQ6G6JSM L5K1ERM1JPQVXBVQH4U213 QN09O1AL02O2Q15IU9WE7YA9P7IYG5HLC5GNGR161QLBKGVD193HV5A5SYEJDX87UGUPH272ADYDF4WHV AC19BON5YGGON3H6R241O0UYYXO6V7I3KWAS14TEG3RHOPD5WV5NWQNSY33N', '88L2DH KLNFUSDWKJR7QONN720KW1HAN7DSFH 52EXMATYJ1PV0NNQBID6C479QL8W4A237MM5O6CRJAVJ13OXYVOITFL5FQOYGIQ93P4T9TM8SVS 03W N6Q33RJE0IKRFAAG6KIIXT1DM2SDKXO4 0X06DJRG3LHN1L566 U337ORYUXA7H3VSBCYS8G8G2ENHRE9CEF5TV7BFNYLS 7POK99UHD5D STO S MAWCEWHU3JQWTYA8N3XUL8RGC0XIUODAEV0UMCNAEGJGQFPMGVK9GMJSPE7XLCSLTYFRHFCYJ1TG8GDGMKF32X47K6 6SQ7MR1Y29HPNIKVYBCNPGJQRDLE6SXNDIOBLXBCMK2GI306Y8IKR1QULK6UI1WMD76B4UJF97TT4TY5EKKJE9T2V5HHJR1E3LEY4P82NDLIF0NA158MUQ2RQXESX5YH9LOK2LG3FHCWTS04L3FDOXFB9Y0UQ8UDKHHWRC2H479Q32M5PS');

insert into review_theory (review_id, teacher_id, review_teacher_id, class_id, subject_id, lesson_id, theme, review_date, review_time, score1, score2, score3, score4, score5, score6, score7, score8, score9, score10, total_score, teacher_situation, atmosphere, student_situation, book_situation, head_rate, sit_situation, teach_type, overall_evaluation, recommend) values ('CJ1REUDXYL', '171SSFYF08', 'K7NTUIM2YY', 'MY9UNBJBJ0', '85PE 4GGK4', '7B600XHASV', 'VJ3G2F4M881TOQPY8UA9', '120-4-30', '  G', 1, 0, 18, 1, 17, 3, 12, 5, 6, 16, 5, 10, 19, 18, 5, 6, 7, 2, '1 3N7JL3RRPOAER9XEJI4SRK20MHILSAE5JUN9C7IVN64U9LPNYNE3JA PKU8NENI8TBHIB0WSXENEM0XVGAWHH23N52 1T2NOOTGBQ67WO4TLFO5LSE 9YXKP1JR0HNQ0UJH875FK GOIULNCN949UP4SOYOF6BARYTKBQ349SOFPALAOLCXTA18VJB2M2PLHJD 7P2LE FHBP6N63J8RY9 WYWDHRAIU05210SQHCNDYDRXHJWXKVK3V486E9BKGOECHTV51KHRU E077U55GW1U85BD RYYUMIRTL1M8FIPO2D3B05YJ0TV9QMUQHJ2LNEK 4BTU8MQ F8UXCC0DD528F9TQ1UJ1K 6UCJ8TW9QSXF633BUMAGJ UEVMSY43PGF7XVIGRP0GVEVQQSJCVQH9 H1GUSLNQ3MCD6C EHEQ9CRL2NM0WN2R11XM7RSHLDMXV EIP69QX2OH6XAH3KI1KRO0I0L9GWT0IGH3TLI0G I0E', '7UX2J6EKI8GSNNJUGDEJF44JMEFHO VXRO03NS1D93 EWWPFDSLKO1RRVSFJ38JGG RUOOYBU1MDSQED7KDKJ6AEMA3FDI1MVFET6BTKWA3V7TY21O7KFMUANVT7QIMXN9KEE99KBIHTNTJ64LW7FFHJW0GN0WF7M6AO94Q42 CUBH9LXAP17O4KEP7CQGHJSH1L9HP7CHLH2J4MYBAD6JN FHPN1WTABXNSM1F5EAJXCR1P PO9C4USDG PR184HVER7E6KS9YAA UNV3DKENC7R7HHCQJXS5YQJC0A2RYBR09JOL9WPCQQBV2M RFXT7DQRJ1I1O3M6QXQKUKP8GJ7W3YNE3FMDW6LPT4NOFCMN2DUY1 6NA3NJ3UT2M3SDQ7VUY6G112F Y1RAXNAA4QGDLR639SHWOSYDSWVDX00KB9Q9Q0T2CM9RU8K71T088L 06Y746E2I6C6P9 9NBX 6N3MUXE1QHRW90X1UBR4JKEXKSV0');

insert into review_theory (review_id, teacher_id, review_teacher_id, class_id, subject_id, lesson_id, theme, review_date, review_time, score1, score2, score3, score4, score5, score6, score7, score8, score9, score10, total_score, teacher_situation, atmosphere, student_situation, book_situation, head_rate, sit_situation, teach_type, overall_evaluation, recommend) values ('XU6UC8NK32', 'M4O82N7NHN', 'ER2L6CUQ08', '9O2M2NOJD7', 'FA3QIVRIKU', 'Y4VS1PU95P', 'QMSOWEEY3Q 76SMPT723', '1107-7-25', '  H', 3, 6, 14, 14, 4, 8, 19, 18, 19, 15, 18, 2, 14, 8, 8, 17, 18, 10, 'U60TH2LCJYVABULVG441FAN7OKJ794PDQHC921TFDYVR5IXK 033DO1JIEODMH003WIGMQ07GF11LIQMKG91GH0UBH7WIK9HMP043ICA2LVWET8CF B0FJ8EKVAH1BRB4NSS4R NR9900HPE MCXRQ7RS3HMWTN7K25U UWF4RHPGI7MT VJK0HSP9TMJ3094TRBL915 X87H0T8L5SBLCDL6 OJ 9SQ19S5LG7KA5KGG2GO7SHJAQ7KAEU7YGW9TBQ 7X5Q5D26FUXOO1MAQ54F66KASR4Q EJ9B8JYU KW2G B7NDCMN947KE6JF59DIK8IXVVS0GXR5BU4T9ECDLWWAE1VNKDU4IW MMBKYEBI5FVWB9T D2AVM0W4PXPIAL1NX5JXTJ YQS86GQS8UF4 E0G9TLCLJB9 JQYQ8EIF5S4T2E9FXFG6WO9 BXIH0NV83I919 DWROXRHG0KUPPL1ONJK4TOB026DLJ2JKQ XOD3MHJ', 'AFMTABNO20OFYYRE88978F3F2JKX16F4X6N9VPL LCMCMTJ0NSCT65U357QLCUPH6 T2V70FT27ANNF YOH9PLQYGOVG MBS9EVAFQESR99  O5E8XT91H1ME2PEJ04G3XG9SQOJ54IGULT37KGSH0CI MYMRYHQ854KE661AUL LM0N9PF1KXNUVJ8KKY5MWNA4TKMC7O46PJNIGFMMXIFJF11Y11AX 2D2RY4BKUHXTN4UHWT9EJHDMFRRFSG7 2LW6W7LOP3BQQ5LPAS4XD1V3 RA2ALT3C5B2JUMJJ8UF8XJ4T5KOWRE6395J53X6M3COGDKRP151Y17EPE7XGP S4C5JKQEPNGACVJGMLMATEFVW8 021BJLF4FW6O U72PLFH13M I7HINLP97R3GQTHHEN9J4F4RH2ETVR90DSO3F3HHAPLE ERARYJB3V89QNIHAV IOB0CSPVT0U2UIYQCH4ADXCF4WA2WEC96KO1V8EAAG');

insert into review_theory (review_id, teacher_id, review_teacher_id, class_id, subject_id, lesson_id, theme, review_date, review_time, score1, score2, score3, score4, score5, score6, score7, score8, score9, score10, total_score, teacher_situation, atmosphere, student_situation, book_situation, head_rate, sit_situation, teach_type, overall_evaluation, recommend) values ('6DW31QNFE6', 'NW455JUHLL', '1UFSXXY6 Y', 'PWDJOD00B2', 'X848MR3Y85', 'CSVO58BXC7', '54KPUEK6VANM4EVAPOYI', '1368-12-6', '  I', 16, 1, 12, 11, 6, 0, 7, 6, 11, 1, 0, 6, 3, 9, 6, 5, 5, 13, 'DUSII70OXWC4XL4PC3 158XM00TH5XF6563SDB5ARRLI1K7IW2ICU29RVF4HBBQ V6 SRUY29KUF2FU M30CT82R7NHX694U64P GRPIFSYK6X0C0064VIDW96POITUEDFF6BN3TSWOWND4O6QM616JAYHIU6JI4EH6EGI6 MGNP J0RX5V4E2DVT4HUAG36VPY13YGTS0GHTTU8M7C0AJ0A4O7B081L1JMOK3TVV6L2Y1AGFWC36F3 QR18PY64UH 9FKKH3IFKBNCM265VN8M86 DUYCPCU2OXEKFS9Q9D1KGOX4U8IT00O1FOELALAUC6ATHPYI94C9GB3TJ9MP251NCIVFYY1EHR3J9WBJKROQL3AB5C4W 8SH7GE46EOBGO0JPV7K5JLJJAVRJ57YGL3CYV3HSJE9MAB34V2EYYUPCYUCGMAWGFS1GFAS2W0X65I19X4USSAUF Y7M0XDGLBDH0F NO30957QAU4QD3 3QYHMKU', '8LUCOX9UMBKHLNWN5VS2QPOGYVOYR6WY2QV8IXMD4 2B2S 0IBE1BVH0B18Y20I6RMVS BWVE5JUVUQ7U8APWB165RB088WYTW3BAPIGE9 7QSETR3HB3QO70O6NUESJYRA BRPI78UE2Q2O0TDW1SNMK F841PC0WJNK5PO4IY3YOTUJVTAL548MF5VYQ76 KE19MLXJ4KV2QLRFA 0AK447ARHW4O00IRM6VDH1LBYT1A2WKJG9TMNHC4R5UG7F3YNUQ TB0AG7RMPCUIQCOHGPXI5JKPCQ4Q5F 8RBXY7Y3AYBNCU0 HHEWKVM0M9HY9XNHUD0H5VD9UAI6VEEKBY4NE0KW65JI2M23G0ND6UGITJT2D ACJCP4HB60BFS83KPPLAKQPBV4KQ8IGS37NE1ROEX4XUC1QXE9Q3ABTBYFEAX89WY5288JAN 4PDGFQOKQ7OGC2JMRIS9I74M434I 175UCAKHAI949IXMALJI07O473');

insert into review_theory (review_id, teacher_id, review_teacher_id, class_id, subject_id, lesson_id, theme, review_date, review_time, score1, score2, score3, score4, score5, score6, score7, score8, score9, score10, total_score, teacher_situation, atmosphere, student_situation, book_situation, head_rate, sit_situation, teach_type, overall_evaluation, recommend) values ('DCL8495ROE', '6O9MA9CRSY', 'JI5RB1YMNE', '8XKPR K5BO', '8A7BO5T3H7', 'E7WM4NCSE9', '8R3RIVV3WCHACRE7XEDS', '1764-6-7', '   ', 6, 13, 5, 10, 3, 5, 6, 2, 16, 7, 15, 4, 7, 13, 17, 11, 17, 7, 'THBUT7PU6ENXS9WF64P7IWC943HCHTSWSX9N3EQF8YJFXF0GDMJGGB8X21EBK2P8XW 9KX2JL56T BHWW53OOVIYBNKV2QL9C2ISDP28CXWE3R0T 95UNJIJJ6FRX4NKERC 8Q2TOUDE2MAG2XWPFCI8JEYISN 3LRCJJ 9X1WPPCUVDPQXPRAMPCNFHXPM1ICTSFJSH QF11A8FLR762F 11QKQBQHW0EGXKHNM7EFWWXQPMN56CUJKX2H7H6DF1BCWDVSUKK2JDSOOUIJJCP5UHJPIPM2PP  HVW1U5E22IU8 F1LVF4NSAL64WI6 8VA5QP5P2LJ926HMQGXNMBPJ378ALHAX3YK8CIQOOE2SFVGT8HJ KGXKUVM 14SFVQKSOIEDILJ1M013NFVWNTTKLMI0303NA8EOF KN5HD7CS2AP3R5TOTLK0FYAVG071LLV9NNHUB80C8GGSG8RD7V54C6TD1BQA3W1MUTE3IUKW60 EKI', 'I4XQB400T6E66PYX9G3BMHTQ 3WPUEI8N8PX6KPQ61CU16R7YSQ4QQC4VY5SK7UNTIEWSE2XXFJG1J2GD86BJR1MSJK7SV9CC1041AFUIB9E6YPH8VBFGHFW DU1MDB1B0BA EHI0PQDP3UXWVYD4BEEE0OKC4WAEJ3HRFDU5N0BX547FFQB9AADK0LFD3BBYV YPLODB93HBVKHGRAOUTWSOX1H9UBA 7JCCPBKKMXFLJKRB357W CHOGEYSC 05S8HB1NLLWAYJ  S1QPXOD7008W9U8W5R EIFEGER9X54I228 92J0FPXXQ4FK 4S2CVM6VQ2WFEH FY75292LDQ9A LT L4WD8A2AH473CCWU5JYN8BW8U0G2MXBNG6CC5Q 3AWH34XTYOO1WUEYN18Q1KQHAS12D4HULO4W73DTUU2R9TW71HVV1KVY438PX 279FO2QJ5OH 319 IT687CWDGLVD3HGLDT3P7B3K29DP1HE47');

insert into review_theory (review_id, teacher_id, review_teacher_id, class_id, subject_id, lesson_id, theme, review_date, review_time, score1, score2, score3, score4, score5, score6, score7, score8, score9, score10, total_score, teacher_situation, atmosphere, student_situation, book_situation, head_rate, sit_situation, teach_type, overall_evaluation, recommend) values ('D9750PYS76', 'R1VC2XR9SF', 'DH3FQ0OBFX', 'YJ5HLBRXEC', 'K5YG5B7CN ', '3YAGPN 82C', 'MFU0VLVD8CFU8A8L QAQ', '384-6-30', '  0', 4, 10, 15, 7, 1, 10, 5, 1, 8, 18, 16, 13, 11, 4, 3, 9, 4, 19, 'Q681WMNSI8WI0JATIFEU32KMPOFMLB61QI1WHN4QV72WG1VDL3EQR9FUR F6OHQPCSMLSWWO23F3KF1A90SSVKHLP3IWWC37VF JTLN5VPQY1YC42NII1HKR6CXC XIX7VYFQGBCSVQLNDR8AGCQY1U H3U8TPP4YN98USADXI0FF OPT00MKSXOLRBMISQSD9M8NEF01H46HMVG9S4JWSU32RBX8P3PBAKXRNWVMSFU5LJ4TE767O076JPODMNGECL6 DDDQDANVT97DGPHSK7SWLAVI6QDR 22A1TN48Y59O2XGLXQ86PFQGQMAK2KAXAYQJQN6EJ725DA9G4E7N5F ONFJGP JUGJMDW3  3W8QY4ORHBJRKWHTJ1B48ANEORBJLJ91LMUD2Y58 K7RESSISHRCJ HFXTGJG8DPV24OC7WNOIEGIR4EQ26FY9IM68PGK9B6P5GOS0OSCSE759C5KE1698WU6T0VDIULR4FYV91HTD', 'UE4VVESPPSEYY0C1DU8R8V50 0NIJA2EG0QK8HBQ0FCY28T1894QLD3 VNDPBR 76TF884SF1XN1A432DC8BAHBSMR9TEGQ6HNU3E BMFMI0GIW8W7F5NHCV0H5HY7 JXW36WUXIXGGG1AXUXJ0MPKQ3UGB7QXBSCJM9KFLHJTFQ3DNLWIOX21TH5VEA7I8PNYC WK4BAOT1GNJC9UG328WE4IHQHY4AX7JP029YHJEAI5XCOSXTOH7I3K0EA6AYEQXKPUOPIFB7CT3004XPI6TQIVWW18Y9INKHFRY4YW5BPO7486S1UPS91PEMT474SH06BQJ2H2XW0UBPFS8XMK0KI 7QC 4QYD663QTN1H0 ADF4YBDAG5CGT1G70WKJWYDQ6R19LC7GADEX8OQQJ1HX4TMST F9LEBWOTFLEBQXA011VB9RTQ3BOQLYIFFY9F6IBY3NRM7TEH0LL7AKUSP9WSQ1DF8X88I7H9 M60NA90Y1DUK7');

insert into review_theory (review_id, teacher_id, review_teacher_id, class_id, subject_id, lesson_id, theme, review_date, review_time, score1, score2, score3, score4, score5, score6, score7, score8, score9, score10, total_score, teacher_situation, atmosphere, student_situation, book_situation, head_rate, sit_situation, teach_type, overall_evaluation, recommend) values ('W37TKTM1MW', 'R1VC2XR9SF', 'UUD61M0X P', 'NL0AB06IQD', 'K133KL0G6P', '115CQO1NSD', 'FUOMW 9958WPX67NOHCO', '229-9-13', '  1', 2, 18, 8, 17, 14, 12, 17, 13, 13, 17, 19, 18, 9, 15, 1, 10, 12, 1, 'OS1KXHGCY JNFXPLDYRK97NIPPGP1LREUO6O35D1QRD5KQEY B VJAT26JQSI0RFPR3EMWBYBXQ3F6RI86QLE3NXTPFTWNA65INC1J2SSFYMS697L84S3YGFVVKTAGRRAV5VGWFJERTQ2Q86RQM4L8H7LCMMFEIGDEB5NU1HK H3DSYYJH47KAR6JWIURJPXR5724AG7VML7EEL9WS C9JDJAUHVBVG12ODDY56J S2ELN750HVNLF7SO19XTHU  2PKWDJLT2CP LRX4YX 7E3ONVXWPHQ7D1KWEYTSEM60AE58Q4P0A0RACAYKY00G9ONFJX8TX5TVV56WDE27SSWW OAGA9ERUR310BVMQUVRQ3I4VRFS9A 5119T1EJGFGHA78QGCGDUKFSB4PHSX3IX1WJS8N 2JLPM7RPVD9P3PDH97AFYNUUDRAB7IB7HTG67P3MOO2P9580WB1SVX77 2R3P8NLV2UL01D7Y86NVKBQKV3JX', 'UTSMDIR4H7DQ0M7E8V03BQGD7TC4898EOGPKUWR1G1B98WN88W1U0LHR86MTG0USVDOL7JBGN7FNPVMOUKR 8 Y00F3GD7EPM9YDHJBT 20CEVAI40RV2PJGSW KJG89STJ WI6A5X71FU78PJM6T6A5KYF0OY5FTSHOTNLWD83P27C6XESUYCM0X0HXMCBUW0M1QNRDNCPNRV4ESVK21OFP6I2QEVC1VASXCQ8AJQXF3DBSWB7CU4 M8V1459684FNHHN  CXKUSP4 J3WH99 1ON617UAHUDU55PEJXDB1RE5GPLOJC4GXRC5S1DFMT WLFP8VWMSF2KED 8JTDAW2CJHWB8U9F77TO0QNGAJMXSBQNHB NW911RO5SB5RS133BIGCHY NO8PCMUTXQKS6 P4OF DAOHUY LE6JAGQWKTQGTQUCI7N304VB7YTGKJ8F906SW6E9 9AEYO7BFMBWBTDRGQ27D81LX243JCFJ832BV3Q');

insert into review_theory (review_id, teacher_id, review_teacher_id, class_id, subject_id, lesson_id, theme, review_date, review_time, score1, score2, score3, score4, score5, score6, score7, score8, score9, score10, total_score, teacher_situation, atmosphere, student_situation, book_situation, head_rate, sit_situation, teach_type, overall_evaluation, recommend) values ('3LXG9WIENT', '171SSFYF08', 'ANNK36UH B', '8XKPR K5BO', 'FA3QIVRIKU', 'YKXE1B4S2 ', 'GR0NHLVICC4WN8B8NNT7', '1817-8-6', '  2', 15, 15, 2, 3, 7, 7, 13, 9, 7, 3, 13, 0, 12, 10, 12, 18, 0, 16, '0VUG1FTPB0DN947S8S234I6A7 TTE119PKRUVYTGFQRIH8I2 MQQNGBJ1KGHM23QH2 EWHVWU7TG2JJ4K5OS9XIKPHNQCUV2J3DQOO4UJVKRE0N2 M6JJDN H6CXMKYSOJROUU6S25V035NRWFJF9T0994ETL1D3D7UE9NY4OKK VYQWKVX9BS9LNSLDLJH2Q07BXGVWCKCTN0IU EC4SBH0WQKT4U3HJTD4X1P2LRUXHC UQFTAV 59VHWPRAH07LSSMSM9NOK KLLX2E7GYY6Y5O1UCT70VBRKFK9 DYYYBW5TWT9HKUUFYWFCSRBM90J2YSLED8B17XV3V7PKETWR4SAM849URO920E2LR5XTYWE34346BMEX53VAXCUCGDYOHVFCGEX2DJSYM302AHWLAG9A9ECP29KAG9 8XRDUH4IJVTSAI6C8BOGWUVE5YE0L51BMB 8KEFDK3VR49003QIDLDS2T5  J0BGNHUCVGSNH4 45', 'MKLVJED54PXKNYXRJNTM X WTKR T4FIFO UVYRE0H7K5IF2IXW1KT186S4R1F0S336EDTWN4WN5R4JWVVBHP0E1Y7GUUE061NVN7QMNDJP742XI82JWVBU8MQEGSRKKWP9D6LNJSH9CMI4F9NE06M22SQ1N0AQ4H5U5P8MMKFJ 7QOETA59FSL 74U8CPG9PGMEYL2I2JABL YKW5G 1Q SUCQRAUJPNJXAOLE6TKKC1N87Q0D65FLJSF NXJRFMWJPA61SFRWTJ0Q1M3EOIVQJ9UA04MRR LMEWD7SRV59QHKY17E4H0NGNNQTA048B5SV862 T8N0UHR5NOOW7YE4KGVRJNAPCN0EOPOEOO36VF739BV5CQ2RNCMBNHOAYRO2B 1BOLMNCTRLSK5VBHJUUYAS1HID4KLPU61E9VS3K45NDBYS5CO25HK8RO1O4SYYLEFH  GYFX MA 8EJG7HPLOIK5A58ME8NWYROW1GHRV3XLA1');

insert into review_theory (review_id, teacher_id, review_teacher_id, class_id, subject_id, lesson_id, theme, review_date, review_time, score1, score2, score3, score4, score5, score6, score7, score8, score9, score10, total_score, teacher_situation, atmosphere, student_situation, book_situation, head_rate, sit_situation, teach_type, overall_evaluation, recommend) values ('RB5NR3882N', '6O9MA9CRSY', 'R11T6UI2G8', 'YJ5HLBRXEC', '85PE 4GGK4', 'V9HT4S7N1W', 'YVBPWK1YDT4Q1BUTEFW4', '903-9-23', '  3', 14, 16, 11, 4, 13, 19, 3, 3, 17, 14, 2, 7, 8, 7, 14, 7, 13, 8, '1UO7PST5RRTIB77CJPV8W5IN321KHT1AG HD1BJN1WJVUA9JHBE3OTE5 OKSC5INAE 85 6GEVHCPILWNT9PLOMUUJR JQIPIH346P976WB3J3MI3E6D4OMJM2HQKDU66788XF8RXN65PFNQ0T64DRT8FA1FIW90K25IR2GD9DJ84TU7OBQR1WJAHO4886GJ221MTN5H2WBVFNCVLORXL4 C6CU054YB9TF4T7JV9ISGWC5WF8H03H994TPKCM96VBDA6TNK12P0HC7SYTN781D9Y7MBMOQ8R976WJGWMX5GR4CB5UBFFWARL7XKE8MWYSRMQHVFI0PH 69I470GP6UI2XDEQC6VOJ992VO3AR8I11MO4CNRQ3RJJ41MD2F49RAJUTJ0Q44SJA HK9IPWTO5D JVPGFV67WLTJ3NQM4ANJRS2GDB7L6Y0BRJRM1O43GFACURDADU9EDQCYBHAOPR5D3T9R4CWAVR9G7AWOF1XI0TADWU', 'U2SEWK36UXB1 TYOMU6N728LX87 WNUR1C D75SPM60W1N0CWHMVNK77NYDGX51GTL8BAN47N06I7WEWG3PG9YIT7NNXWPFQI3WBYVUP7MJ0GYEYX0QPDB5TRX76WEW117AV575XD8QPWNMRMKY5L9GC5L372VTL28KM0JKET19BVE5GH4HOL 79VBBAUBYCVLTMS94FTDLQQ4EW63DE75LC3YS1ODH3FP03XD73EG275A9RXWKPH070MB9AABXDA03M1BKA6PX7UV HO0WCJ91KX7G7HWAIR0T1U5FMGFBJQF9A0X59Q8I04J 68DYNP6XG8EDL61A9V 6656 PJPF7 8DWQLONQ319A4GC YVPG57W1CY8L2 QY71E8XO71BO57 3X3OVIX1926 JNN5S 4GAX88JSIG92D323GM4KRBM1TQ42QDX59YD AXALP649A4MEMDA2P41VS80UVOS4QRGG7YANS3I9N9F6VGYGJ6KJN7DP');

insert into review_theory (review_id, teacher_id, review_teacher_id, class_id, subject_id, lesson_id, theme, review_date, review_time, score1, score2, score3, score4, score5, score6, score7, score8, score9, score10, total_score, teacher_situation, atmosphere, student_situation, book_situation, head_rate, sit_situation, teach_type, overall_evaluation, recommend) values ('CIDTEAUMA2', 'JLDYEWKVQ8', '8IHYD0IMFG', '4EP15QYV 9', 'FA3QIVRIKU', 'TRQN6W3VLC', '1PM9YKI11NMKVY698MFQ', '1-1-1', '  4', 9, 5, 1, 6, 0, 17, 1, 10, 4, 9, 17, 5, 1, 17, 4, 15, 1, 9, 'HCNSK1AOJ CYH3B6D7HKOV86SMXRYR2TRY9E9NIUNKDW EGYXYW58J7FPE5KKR6MRUPCB2CU7PPUPLD7V1LWAS3P6NOJGKY8RE4M1RS LOTO2MHTUVMXPC3OD3D84UKFP1GGUO6DQR1OOXOF4VXOHESV3M3KAUKQ78MGB9DVBCLAAI8HLJCTRQ6JT1HMSB JIGFF7LI5MROBTVR7VDNBXMNPM86UJJ5WI7KHE67LLEBUB4FM7VHGDU17C4PXRDUQT1O0 3IGUPI6 SOHGMGRTSKMDNGUP4APMIAQ5YTQN53Y91ED76 2 BTDUSSWUP29T9SL9XY6W6W3MHXMO7IGVUTLHIXLSI7OXXKTVN5D6BLRRCXDPCACJ919OX0SBI2Y64UXMD1MR5RFKAJJT9ICA4A2I03KB6HVEMRQESO3H9XV0LAT6OBFICULPY3CWIP124DC56HNW8G3912NODOTSJC1MTXSB1CSEDN22BC 9QPELW9AQ2J0', 'CJ7OMYJGXSESMYLUAAIK1GNJBQQQJBCILYHBNLMBHHUKQGD58FAHP RB5LIVBCXK6H7C6VJQ4I8C9EVHLINK1PL2E179H2 BT5GS9W1O90L90JXJOUUAYADGIWJW5AEKFJPKJVTDGID9HQB8YAKXWE9A4JOM5UVF TT9E1GCD7G2TTQR29UH3U7Q0W61WM16RN3BTMFCWR14ROQMRN7SBC893D ILIGI266XGX4I1BTPS9TL XIE4Q4LIWG6XFJBF572LAU5 OVW HEPT31OKUOOI1D0DENSHSMI91TY11MH4CSCIMJUIIITGRWQ C1E3XDR0J4SP704LU62HM2RDN7LYNMTIDWX8UR768RWNI96H2PT8M56968UPSJKDH9D EHWOJOQMT4UI1DRJRPKY2YOLS12MS53PYNR3YP3MHN22W4C8N27UBNHNSW4XEEOTFTFPYL0QFDK5RRBCH 71XJ03IDEOHT X9XCD3XS846WIS3P2 JC');

insert into review_theory (review_id, teacher_id, review_teacher_id, class_id, subject_id, lesson_id, theme, review_date, review_time, score1, score2, score3, score4, score5, score6, score7, score8, score9, score10, total_score, teacher_situation, atmosphere, student_situation, book_situation, head_rate, sit_situation, teach_type, overall_evaluation, recommend) values ('HCQ44NX7HG', 'M4O82N7NHN', 'R09G8YQJ3S', 'U22WSN7LF0', 'SPVV SIVM1', '115CQO1NSD', 'WYKW7FYIO6LV2WWNXDTR', '1706-10-19', '  5', 13, 8, 9, 19, 5, 18, 2, 16, 2, 8, 11, 12, 15, 5, 9, 8, 6, 3, 'UPTKASBTXVFA76GMFLIKCFUEJ0KTJMOTLGSYE2YPAKFHXDKWPTONQ01 PR40WVVA0X2WAVFX4B50PTO3JEV8K9B9U2IH9OPSCR SYG6B9PVFCDCQN8L5OXMQXBOLPXQXY66T23NYR09 9 2K1TQ JTR12I I2KFNBVR W436RWDPLL8NQ4K3BRI8G476QL443391GVRLLOOF276B0OUNRMJLK6ICTY2U5NIIDRP7S32S3S47AHMKCADOW8HG0PGKGTVRV505XHS6RE4725FL7PIA9E3URWBA3H1UXIJXUQLRS59H4T662TCMF8SJ3MMEF 5O5B4BI6JHJ3GH927MDM30IYBEQ1BGV8PXQ2JC0R533EI K47 6507O7W3185C0ON1NAECLXB4387 6OD28E54975Y0GT8MBC8EK9YQMCVWT6THY7KXII1RP39DVWKNMIJ7HK0 E0DKB 0XPOTAL1HVY6WFQY24LBQ OOQ2AEJP22I5951', '9XO5742AW847SEASOYB2KJFCG8PTQCB8WG38KDY 9UWSBDNQU46Q95S 0A67UD9C0LOPRKIG4KNFL76YQ7VX41FNU7 S1CPS9H8GNHJGFPS6UHG2VVO5 RU19AHO43GL1BII6GAJVJM9G8EEHUR3WF0K8WXB2 NGCA4AIEF QEFBY5E4CU7T4NAFECJF WUWVOKFWNYXYPA52D830L K LEL10DY692AWOCVR6D76T9WMK32MW X  IU3DF811NNGOQURFIIO7A0M KH K1ST17Q7ULR6PGV5X1TLEO9DB859CNMJHTABIFLKWOFBALMBVDL6MIPUMU9UYRIGGXTGOLJ41EAECRBUUU8L44TCPSOUMN0HHW3EEGHGUESFWX6EBD32JYEQ3NVXPLP2F53F 72RW5LOMH78PVRY  1MDVPU17YAB04 CHQYR4NGNB68J36S1F056U8K2HYW5QNPV8RI3N7CMLN0ARIAY1J95WW7QVNCXFK');

